,인덱스,분류,주소,위도,경도
0,1.0,교회,"강원도 강릉시 죽헌동 354-3, 산 4-1",37.78917285661603,128.86725799478722
1,2.0,교회,"강원도 동해시 평릉동 159-1번지 일성빌딩 지하1층, 2층, 3층",37.52954155291971,129.1054083173793
2,3.0,교회,강원도 속초시 조양동 1527-1 건물전체,38.18929334374681,128.59133618159888
3,4.0,교회,강원도 원주시 우산동 96-4번지,37.36392920564492,127.93958113542746
4,5.0,교회,강원도 춘천시 동내면 학곡리 62-6,37.82787054146626,127.76462423854163
5,6.0,교회,경기도 가평군 청평면 청평리 301-4 7층,37.74143690754265,127.42279482579977
6,7.0,교회,경기도 고양시 덕양구 화정동 967-1번지 한솔타워 7층 전체,37.63589799222081,126.83255872008965
7,8.0,교회,"경기도 과천시 별양동 1-19 뉴코아아울렛 9층, 10층",37.42630665686374,126.99185197730496
8,9.0,교회,경기도 김포시 사우동 253-3 유림회관 5층 505호,37.616595092106834,126.71572083140768
10,11.0,교회,경기도 남양주시 별내동 931-3 삼호프라자 2~6층,37.65773955042212,127.12539110237272
11,12.0,교회,경기도 부천시 원미구 중동 1146 하이베라스 7층 ,37.501993515545756,126.77105996674223
12,13.0,교회,"경기도 수원시 장안구 경수대로 1082-7, 3층전체 4층 전체",37.30997350099626,126.99440490274482
13,14.0,교회,경기도 용인시 기흥구 구갈동 581 아트프라자 8층전체,37.27129836128368,127.12650622888745
14,15.0,교회,"경기도 의정부시 호원동455-8 2층,3층(일부)",37.71186956299134,127.04786844404467
15,16.0,교회,경기도 이천시 사음동 11외 1필지,37.30394945844434,127.42673094174891
16,17.0,교회,경기도 파주시 금촌동 765-1외 1필지 광우프라자 702호~706호,37.75905964391379,126.77526780585474
17,18.0,교회,"경기도 평택시 합정동 762-7 4층, 5층",36.991608792487696,127.10006126077036
18,19.0,교회,"경기도 포천시 선단동461-1 엘카운티 제 에이동 2층 가호, 3층 가호",37.851498600730125,127.16301457017364
19,20.0,교회,경기도 하남시 감일동 176번지,37.514092137175915,127.15041932991113
20,21.0,교회,"경기도 하남시 덕풍동 744번지 케이엔몰 801,802,803,804,805호",37.55181844522341,127.2077036664185
21,22.0,교회,경기도 화성시 진안동 524-1 메트로프라자 4층 401~404호,37.21105096372812,127.03833040037313
22,23.0,교회,경남 진주시 상대동 292-21 한보 디럭스 6층,35.17964477887113,128.1034962377436
23,24.0,교회,경남 창원시 남산동 601-1번지 3층 301호,35.20395447348238,128.69336021776772
24,25.0,교회,경남 통영시 무전6길 14-21 4층,34.859389863991034,128.42528782829604
25,26.0,교회,"경북 구미시 원평동 1023-7번지 2,3층",36.12717690942185,128.34163463955034
26,27.0,교회,"경북 안동시 남부동 235-38 대영빌딩 4,5층",36.563632648105674,128.73098088886746
27,28.0,교회,경북 포항시 북구 장성동 1365-2외 3필지 장성리치프라자 3층 107호,36.069644924262306,129.3788611878106
28,29.0,교회,경남 거제시 장평로 16-12. 리치타워 6~7층(고현동1212-3),34.891590694622344,128.61664744557297
29,30.0,교회,경남 거제시 장평로 16-12. 리치타워 8층(고현동1212-3),34.891590694622344,128.61664744557297
30,31.0,교회,경남 거제시 장평로 16-12. 리치타워 9층(고현동1212-3),34.891590694622344,128.61664744557297
31,32.0,교회,경남 양산시 물금읍 서들8길1 (DS프라자3)   4층 5층 전체,35.30983090807286,129.00457081649867
32,33.0,교회,경남 창원시 마산합포구 합포로 222 1층 일부∼4층,35.21703217463856,128.587560071053
33,34.0,교회,경상남도 창원시 진해구 여좌남로55번길 19 2층,35.156566598551734,128.66198032454986
34,35.0,교회,"경상남도 통영시 무전동 1028-2번지 3,4층",34.859389863991034,128.42528782829604
36,36.0,교회,경상북도 경주시 동천동 813-5번지 3층,35.85320858310559,129.22441424703393
37,37.0,교회,경상북도 경주시 동천동 813-5번지 6층,35.85320858310559,129.22441424703393
38,40.0,교회,경상남도 김해시 대청동 304-2 위드3빌딩6층,35.19113651718783,128.80192309625167
39,38.0,교회,광주광역시 남구 송하동 46-2번지,35.11045069427261,126.89399042574658
40,39.0,교회,광주광역시 북구 오치동 992-6번지,35.18303607698656,126.90792279809531
41,41.0,교회,대구광역시 남구 대명10동1623-12번지 대덕빌딩 (전체),35.83972479374543,128.56654592338566
42,42.0,교회,"대전 서구 용문동 244-8,9,17,18,51,52,63번지",36.33794661715645,127.39510058328113
43,43.0,교회,부산광역시 사하구 하신번영로 261번길 17,35.10406442148684,128.95724210393797
44,44.0,교회,부산광역시 수영구 광안동 120-262,35.16032412351009,129.11521072810484
45,45.0,교회,"서울시 강서구 화곡3동 1034-13,19번지",37.54393469961249,126.83706453668397
46,46.0,교회,서울시 노원구 상계동 764-1 하라프라자 3층 ,37.64674352287554,127.06262512856716
47,47.0,교회,"서울시 동대문구 왕산로 147(제기동) 경동빌딩 2,3,4,5,6층 ",37.57873963147395,127.03966829405444
48,48.0,교회,서울시 동작구 신대방동 565-22우성스포츠센터 4~7층,37.49225912724603,126.90990854595049
49,49.0,교회,"서울시 서대문구 창천동 490번지 홍익사랑빌딩 2층 201,202호",37.56122655815556,126.92726013299894
50,50.0,교회,"서울시 서대문구 창천동 490번지 홍익사랑빌딩 2층 203,204호",37.56122655815556,126.92726013299894
51,51.0,교회,서울시 성동구 행당동 147번지외 1필지 삼부아파트상가 202동 3층,37.559927539300006,127.0375486409122
52,52.0,교회,"서울시 용산구 한강로3가 40-147 신세기한덕빌딩 4층,5층",37.525574721588214,126.96403427812852
53,53.0,교회,서울특별시 구로구 개봉동 182-11 외 1필지 한마음 프라자,37.494657933578004,126.86023122086043
55,54.0,교회,성남시 중원구 원터로 105번길 28,37.43482366440317,127.13972071402902
56,55.0,교회,세종특별자치시 마음로 272-3 고운에듀프라자 6층,36.51971777499483,127.23585535978688
57,56.0,교회,"안산시 단원구 고잔동 542-2 우진빌딩 5,6층",37.31735435720588,126.84230667427875
58,57.0,교회,울산광역시 남구 무거동 947-2번지,35.53988685278058,129.25185083884872
59,58.0,교회,"인천광역시 계양구 계양대로 82(작전동) 5층, 지하1층",37.53126331115573,126.72303685072629
60,59.0,교회,"인천광역시 남구 주안동 1543-11외 2필지 4, 5층",37.457231332439356,126.69171740792355
61,60.0,교회,"인천광역시 남동구 만수동 967-8번지 2층, 5층",37.450203951227564,126.73182109803338
62,61.0,교회,"인천광역시 부평구 산곡동 369-277번지,370-372번지",37.49126065440063,126.70445017969914
63,62.0,교회,"인천광역시 서구 연희동 686-4 계정빌딩3,4층",37.55018509403776,126.6765873073675
64,63.0,교회,인천광역시 연수구 연수동 592번지 401-1호,37.41708558902809,126.67810490123713
65,64.0,교회,"인천광역시 중구 신흥동 3가 31-35,38번지",37.44929997277425,126.62707955553562
66,65.0,교회,인천광역시 연수구 연수동 592번지 402호,37.41708558902809,126.67810490123713
67,66.0,교회,전남 광양시 중동 1728-5번지 지하1층 5층,34.94450892133017,127.6967928434499
68,67.0,교회,"전남 목포시 호남동 89번지, 109번지",34.79426928675923,126.38742531791947
69,68.0,교회,전남 순천시 조곡동 370-1번지,34.95949813182685,127.48988370376358
70,69.0,교회,전남 여수시 화장동 820번지,34.76991194320764,127.64431340765397
71,70.0,교회,전북 군산시 장미동 7-19번지 외 2필지,35.9878691737674,126.7157165728782
73,71.0,교회,전북 군산시 조촌동 748-5번지 (단층),35.969263545236295,126.74094543644561
74,72.0,교회,전북 익산시 창인동 258-1외17필지 ,35.939541256655055,126.95450417779725
75,73.0,교회,전북 전주시 덕진구 팔복동2가 774-3번지,35.86389613521672,127.08227783546927
76,74.0,교회,"전북 정읍시 수성동 620-18(1,2층 전체)",35.569037411386546,126.85549971528678
77,75.0,교회,제주특별자치도 제주시 이도이동 315 5층,33.50523374795842,126.5382778223044
79,77.0,교회,충남 서산시 읍내동 545,36.78915938668484,126.44667341733096
81,79.0,교회,충북 제천시 화산동 963번지,37.126329036914306,128.21583924122737
83,81.0,교회,충북 충주시 성서동 451번지 한양 프라자 4층 401호,36.97024320427022,127.9308656082528
84,82.0,교회,충청남도 천안시 서북구 성정동 713-51번지외 7필지 (성정 713-5.7.8.11.14.49.50번지),36.81637791385294,127.13945823291593
85,83.0,부속기관,강원도 강릉시 옥천동 147-10번지 2층,37.75821618924152,128.89815453150266
86,84.0,부속기관,강원도 강릉시 옥천동 268-1 동영빌딩 2~5층,37.759049724037524,128.90143461203476
87,85.0,부속기관,"강원도 동해시 천곡동 1083-9 지하1층,지상2층,3층",37.524246413804036,129.10490202071244
88,86.0,부속기관,강원도 동해시 평릉동 160-1 가나빌딩 A라인 3층,37.52908985244395,129.1052779774306
89,87.0,부속기관,강원도 동해시 평릉동 160-1번지,37.52908985244395,129.1052779774306
90,88.0,부속기관,"강원도 동해시 평릉동 160-1번지 B라인 지하, 2층, 3층(총3개층)",37.52908985244395,129.1052779774306
91,89.0,부속기관,"강원도 속초시 동해대로 4213 보고빌딩 6,7층",38.19508741939702,128.57718493444798
92,90.0,부속기관,강원도 원주시 우산동 50-4,37.377358153389714,127.94403888802987
93,91.0,부속기관,"강원도 원주시 우산동 96-1 2,3층",37.364447911950656,127.93961469516549
94,92.0,부속기관,"강원도 원주시 현충로 322 지하 1층, 2층",37.381900077193535,127.94752822808996
95,93.0,부속기관,강원도 원주시 호저면 옥산리 589-4번지 외,37.42982757479211,127.9198825037208
96,94.0,부속기관,"강원도 춘천시 후평동 25번지 5, 6층",37.873569647483194,127.7522850731211
97,95.0,부속기관,"경기도 가평군 청평면 청평리 301-4 2층 201호,202호",37.74143690754265,127.42279482579977
98,96.0,부속기관,경기도 가평군 청평면 청평리 301-4 2층 203호,37.74143690754265,127.42279482579977
99,97.0,부속기관,"경기도 가평군 청평면 청평리 301-4 3층 304호, 4층 407,408호",37.74143690754265,127.42279482579977
100,98.0,부속기관,"경기도 가평군 청평면 청평리 416번지 금오빌딩 2층 1호, 3층 1호",37.73717601688976,127.42008866661996
101,99.0,부속기관,경기도 고양시 덕양구 화정동 906-3번지 3층,37.638193098761455,126.83468811577103
102,100.0,부속기관,경기도 고양시 덕양구 화정동 967-1  (8층 1.2.7.8호),37.63589799222081,126.83255872008965
103,101.0,부속기관,경기도 고양시 덕양구 화정동 967-1 ( 9층 전관 ),37.63589799222081,126.83255872008965
104,102.0,부속기관,경기도 고양시 덕양구 화정동 967-1 ( 지하2층 전관 ),37.63589799222081,126.83255872008965
105,103.0,부속기관,경기도 고양시 덕양구 화정동 967-1번지 한솔타워 304호,37.63589799222081,126.83255872008965
106,104.0,부속기관,"경기도 고양시 덕양구 화정동 967-1번지 한솔타워 605,606호",37.63589799222081,126.83255872008965
107,105.0,부속기관,경기도 고양시 덕양구 화정동 967-1번지 한솔타워 803호,37.63589799222081,126.83255872008965
108,106.0,부속기관,경기도 고양시 덕양구 화정동 967-1번지 한솔타워 806호,37.63589799222081,126.83255872008965
109,107.0,부속기관,"경기도 김포시 사우동 253-3 유림회관 5층 501호-1,2호",37.616595092106834,126.71572083140768
110,108.0,부속기관,경기도 부천시 원미구 중동 1146 하이베라스 8층 801호,37.501993515545756,126.77105996674223
111,109.0,부속기관,경기도 부천시 원미구 중동 1146 하이베라스 8층 802호,37.501993515545756,126.77105996674223
112,110.0,부속기관,"경기도 부천시 원미구 중동 1146 하이베라스 8층 804호,805호",37.501993515545756,126.77105996674223
113,111.0,부속기관,"경기도 부천시 원미구 중동 1146 하이베라스 8층 806호,807호",37.501993515545756,126.77105996674223
114,112.0,부속기관,경기도 부천시 원미구 중동 1146 하이베라스 8층 808호,37.501993515545756,126.77105996674223
115,113.0,부속기관,경기도 성남시 중원구 광명로 100번길 9 3층,37.43500271985229,127.14068825552678
116,114.0,부속기관,경기도 성남시 중원구 성남동 2612번지 5층,37.436834777088905,127.1426984657386
118,116.0,부속기관,경기도 수원시 권선구 세류동 1157번지 223호,37.24460024411227,127.01631995478512
119,117.0,부속기관,"경기도 수원시 장안구 파장동 209-1번지112,125,126,127호",37.30997350099626,126.99440490274482
120,118.0,부속기관,경기도 수원시 팔달구 팔달로 3가 79 송산빌딩 4층 전체,37.27559617720139,127.01586210100862
121,119.0,부속기관,경기도 안양시 동안구 관양동 1465-6번지 지하1층~지상5층,37.40416626863981,126.96762532144
122,120.0,부속기관,"경기도 안양시 동안구 관양동 1505-25, 삼우프라자 제9층 901호",37.4007626726149,126.97735320618544
123,121.0,부속기관,경기도 양평군 양평읍 오빈리 431-3,37.50535744982607,127.46245066863361
124,122.0,부속기관,경기도 용인시 기흥구 구갈동 581 아트프라자 501호,37.27129836128368,127.12650622888745
125,123.0,부속기관,경기도 용인시 기흥구 구갈동 581 아트프라자 502호,37.27129836128368,127.12650622888745
126,124.0,부속기관,"경기도 용인시 기흥구 구갈동 581 아트프라자 701,2호",37.27129836128368,127.12650622888745
127,125.0,부속기관,경기도 의정부시 호원동 119-32 2층(전체),37.708168798306986,127.04678191005087
128,126.0,부속기관,경기도 의정부시 호원동 454-27 4층(전체),37.70946942641604,127.04772627528446
129,127.0,부속기관,경기도 이천시 창전동 457-2 1동 2층 전체,37.28156724318098,127.44739317394897
130,128.0,부속기관,경기도 파주시 금촌동 958-9 4층,37.75766042527003,126.77290710547217
131,129.0,부속기관,경기도 파주시 시청로 25 광우프라자 4층,37.75915480403195,126.77603466147326
132,130.0,부속기관,경기도 평택시 비전동 764-12 4층,36.99126845836842,127.10597396739001
134,132.0,부속기관,경북 구미시 원평동 1033-4번지,36.12688857081957,128.34195408041433
135,133.0,부속기관,경북 포항시 북구 장성동 1365-2외 3필지 장성리치프라자 3층 102호,36.069644924262306,129.3788611878106
136,134.0,부속기관,경북 포항시 북구 장성동 1365-2외 3필지 장성리치프라자 3층 106호,36.069644924262306,129.3788611878106
137,135.0,부속기관,경북 포항시 북구 장성동 1365-2외 3필지 장성리치프라자 5층 505호,36.069644924262306,129.3788611878106
138,136.0,부속기관,경남 창원시 마산합포구 합포로 220 2층,35.21680122957008,128.5875775371465
139,137.0,부속기관,"광주광역시 남구 백운동 644-32번지 4,5층",35.13540470662505,126.89895273622871
140,138.0,부속기관,광주광역시 남구 송하동 40-5번지 3층,35.110798540402094,126.89597758021786
141,139.0,부속기관,광주광역시 북구 신안동 118-10번지 지하~4층,35.16364169908052,126.90690850716915
142,140.0,부속기관,"광주광역시 북구 용봉동 15-5번지 4,5층",35.1805014300218,126.91274740519013
143,141.0,부속기관,대구광역시 남구 대명동 1056-2(5.6층),35.838952140968246,128.56581357629454
144,142.0,부속기관,"대구광역시 달서구 이곡동 1273번지(3층,4층)",35.85154175966935,128.50038226080616
145,143.0,부속기관,대전 서구 용문동 244-61 102호,36.338026876397336,127.39481138532474
146,144.0,부속기관,"대전광역시 서구 용문동241-8,9,10,11번지",36.338956883117675,127.39590321817732
147,145.0,부속기관,부산광역시 동구 범일로 11 지하2층 ~ 지상7층,35.13088594536683,129.059523157397
148,146.0,부속기관,부산광역시 부산진구 범일로131번길 47,35.143314813962526,129.05846274899324
149,147.0,부속기관,"부산광역시 부산진구 범천동 857-2, 2층 ",35.14860400209262,129.0596668370107
150,148.0,부속기관,부산광역시 전포 진구 전포대로 199번길 15 현대오피스텔 지하1층,35.154233862496405,129.06436018218983
151,149.0,부속기관,"서울시 강서구 화곡동 1032, 3층 전체",37.54409361809751,126.83731313418565
152,150.0,부속기관,서울시 노원구 상계동 764-1 하라프라자 2층 212호,37.64674352287554,127.06262512856716
153,151.0,부속기관,서울시 노원구 상계동 764-1 하라프라자 405호,37.64674352287554,127.06262512856716
154,152.0,부속기관,서울시 노원구 상계동 764-1 하라프라자 4층 401호,37.64674352287554,127.06262512856716
155,153.0,부속기관,서울시 노원구 상계동 764-1 하라프라자 4층 402호,37.64674352287554,127.06262512856716
156,154.0,부속기관,서울시 노원구 상계동 764-1 하라프라자 4층 404호,37.64674352287554,127.06262512856716
157,155.0,부속기관,서울시 노원구 상계동 764-1 하라프라자 4층 407호,37.64674352287554,127.06262512856716
158,156.0,부속기관,서울시 노원구 상계동 764-1 하라프라자 지하1층 3호,37.64674352287554,127.06262512856716
159,157.0,부속기관,서울시 노원구 상계동324-4 상계제일빌딩4층,37.65609067613726,127.06528933799247
160,158.0,부속기관,서울시 노원구 상계동764-1 하라프라자 2층 209호,37.64674352287554,127.06262512856716
161,159.0,부속기관,서울시 동작구 신대방동 565-22 제202호,37.49225912724603,126.90990854595049
162,160.0,부속기관,"서울시 동작구 신대방동 565-22번지 3층 301.302,304호",37.49225912724603,126.90990854595049
163,161.0,부속기관,서울시 동작구 신대방동 565-22번지 3층 303호,37.49225912724603,126.90990854595049
164,162.0,부속기관,서울시 동작구 신대방동 565-22번지 우성스포츠센터 B4,37.49225912724603,126.90990854595049
165,163.0,부속기관,서울시 동작구 신대방동 588-2번지 2층,37.49092459892496,126.90855776104034
166,164.0,부속기관,서울시 동작구 신대방동 588-2번지 4층,37.49092459892496,126.90855776104034
167,165.0,부속기관,"서울시 동작구 신대방동 692-10  2층,3층,5층",37.48730416118411,126.91066528441041
168,166.0,부속기관,서울시 서대문구 창천동 490번지 홍익사랑빌딩 3층 301~302호,37.56122655815556,126.92726013299894
169,167.0,부속기관,"서울시 서대문구 창천동 490번지 홍익사랑빌딩 3층 303,304호",37.56122655815556,126.92726013299894
170,168.0,부속기관,"서울시 서대문구 창천동 490번지 홍익사랑빌딩 4층 401호,402호",37.56122655815556,126.92726013299894
171,169.0,부속기관,서울시 서대문구 창천동 490번지 홍익사랑빌딩 4층 403호,37.56122655815556,126.92726013299894
172,170.0,부속기관,서울시 서대문구 창천동 490번지 홍익사랑빌딩 4층 404호,37.56122655815556,126.92726013299894
173,171.0,부속기관,"서울시 서대문구 창천동 490번지 홍익사랑빌딩 5층 501호,502호",37.56122655815556,126.92726013299894
174,172.0,부속기관,서울시 서대문구 창천동 506-20번지 아륭빌딩 지하1층 제2호,37.558524401048956,126.92862542285512
175,173.0,부속기관,서울시 서초구 효령로 50 서천빌딩 2층전체,37.478666210776915,126.99007355467181
176,174.0,부속기관,서울시 성동구 행당동 147 삼부아파트 상가 201동 303호,37.559927539300006,127.0375486409122
177,175.0,부속기관,"서울시 영등포구 대림동 960-4번지 2층,3층",37.49164148416289,126.90814980997206
178,176.0,부속기관,"서울특별시 구로구 경인로 342, 3층",37.49697291190413,126.85820947066729
179,177.0,부속기관,"서울특별시 구로구 경인로 342, 4층",37.49697291190413,126.85820947066729
180,178.0,부속기관,서울특별시 성동구 왕십리로 280 삼부아파트상가 201동 306호,37.559927539300006,127.0375486409122
181,179.0,부속기관,안산시 단원구 고잔동 542-2 우진빌딩 310~311호,37.31735435720588,126.84230667427875
182,180.0,부속기관,안산시 단원구 고잔동 542-2 우진빌딩 312-2호,37.31735435720588,126.84230667427875
183,181.0,부속기관,안산시 단원구 고잔동 542-2 우진빌딩 312호,37.31735435720588,126.84230667427875
184,182.0,부속기관,안산시 단원구 고잔동 542-2 우진빌딩 313호,37.31735435720588,126.84230667427875
185,183.0,부속기관,안산시 단원구 고잔로 122 유림빌딩 401호,37.3186378417128,126.83993031875787
186,184.0,부속기관,울산광역시 남구 무거동 931-1 제2동 제2층 제201호,35.54140412682327,129.25262971869483
187,185.0,부속기관,인천광역시 계양구 계산동 304-2번지 6층,37.53693815362867,126.72862333199495
188,186.0,부속기관,인천광역시 남구 주안동 1543-11외 2필지 2층,37.457231332439356,126.69171740792355
189,187.0,부속기관,인천광역시 남동구 만수1동 983번지 신명상가 3층,37.449836803060215,126.73202583345105
190,188.0,부속기관,인천광역시 남동구 만수동960-4 2층 201호,37.4535767424945,126.73475208061646
191,189.0,부속기관,인천광역시 남동구 만수동968-3 2층,37.45052244685132,126.73241215839577
192,190.0,부속기관,인천광역시 남동구 만수동981-1 제2층 201호,37.4498541257584,126.73171837422358
193,191.0,부속기관,"인천광역시 미추홀구 구월로 8번길 16, 3층 302호",37.457231332439356,126.69171740792355
194,192.0,부속기관,인천광역시 부평구 산곡동 251-1 5층 전층,37.500231124658335,126.70304418089003
195,193.0,부속기관,"인천광역시 부평구 산곡동 369-246번지 3층,4층 ",37.49162652119388,126.70519504368218
196,194.0,부속기관,"인천광역시 부평구 산곡동 371-19 2층,3층,4층",37.493788280224145,126.70349487213744
197,195.0,부속기관,인천광역시 서구 심곡동 257-1번지 2층,37.541954562020436,126.67431455239432
198,196.0,부속기관,인천광역시 서구 연희동 686-4번지 계정빌딩5층,37.55018509403776,126.6765873073675
199,197.0,부속기관,인천광역시 연수구 연수동 568-9 6층 ,37.41891118833188,126.67882007698161
200,198.0,부속기관,인천광역시 주안동 1592-2 세일빌딩 3층,37.459106241408975,126.69341416725587
201,199.0,부속기관,인천광역시 계양구 계산동 988-6 4층 전체,37.536618638727,126.72294915872544
202,200.0,부속기관,인천광역시 계양구 계양대로 82(작전동) 4층 408호,37.53126331115573,126.72303685072629
203,201.0,부속기관,인천광역시 연수구 연수동 592 브랫슬 제2층 206호,37.41708558902809,126.67810490123713
204,202.0,부속기관,전북 고창군 고창읍 월곡리 681 대경빌딩 3층,35.43601856193343,126.7123128301432
205,203.0,부속기관,전북 고창군 고창읍 월곡리 681 대경빌딩 4층,35.43601856193343,126.7123128301432
206,204.0,부속기관,전북 정읍시 수성동 734-1번지 3층,35.56604039516829,126.85458292025513
207,205.0,부속기관,"전북 정읍시 수성동734-1,8번지 2층",35.56604039516829,126.85458292025513
208,206.0,부속기관,제주특별자치도 서귀포 서귀동 289-8번지 2층,33.25086398953039,126.5621592285116
209,207.0,부속기관,"창원시 성산구 상남동 95-6번지 1,2층",35.21775890506063,128.6844792753103
210,208.0,부속기관,"충남 논산시 중앙로 398번길 7-4, 2층",36.20042033958522,127.08977149461312
211,209.0,부속기관,"충북 제천시 고암동 496-3번지 2층,3층",37.158692556631834,128.23021279828367
212,210.0,부속기관,충북 제천시 신백동 185-3번지 대덕빌딩 3층,37.13194901152971,128.2286453428304
214,212.0,부속기관,충북 충주시 사직로 191 황금타운 4층,36.96956863823934,127.9323172405049
215,213.0,부속기관,충북 충주시 사직로 191 황금타운 5층,36.96956863823934,127.9323172405049
216,214.0,부속기관,충북 충주시 성서동 451번지 한양프라자 2층,36.97024320427022,127.9308656082528
217,215.0,부속기관,충북 충주시 성서동 451번지 한양프라자 3층,36.97024320427022,127.9308656082528
218,216.0,부속기관,충북 충주시 성서동 451번지 한양프라자 6층,36.97024320427022,127.9308656082528
219,217.0,부속기관,인천광역시 부평구 산곡동 369-306번지 늘샘프라자5층 6층7층,37.490652779842705,126.70493201337099
220,218.0,부속기관,경남 창원시 남산동 601-1번지 창남상가 201~207호,35.20395447348238,128.69336021776772
221,219.0,부속기관,김해시 대청동 304-2 위드3빌딩 7층 702호,35.19113651718783,128.80192309625167
222,220.0,부속기관,김해시 대청동 304-2 위드3빌딩 7층 703호,35.19113651718783,128.80192309625167
223,221.0,부속기관,"김해시 대청동 304-2 위드3빌딩7층 701호, 704호",35.19113651718783,128.80192309625167
224,222.0,부속기관,서울시 강남구 삼성동 124-8번지,37.509274855405835,127.0523398257789
225,223.0,부속기관,"경남 진주시 상대동 296-10, 3층",35.17916935498747,128.10384109530617
226,224.0,부속기관,광주 광산구 월곡동 538-2 부영아파트 상가 402호,35.16698245517957,126.80770207725793
227,225.0,부속기관,광주시 서구 양동 61-5 삼익상가 2층 12~21호,35.15151243936985,126.90617605210299
228,226.0,부속기관,"광주시 서구 양동 61-5 삼익상가 4층 1,2,3호",35.15151243936985,126.90617605210299
229,227.0,부속기관,김해시 외동 1257-2 메트로타워2차 5층 503호,35.232839528724206,128.86666878328694
230,228.0,부속기관,부산광역시 남구 대연동 539-15번지 3층,35.13299801037396,129.10089242526377
231,229.0,부속기관,전남 순천시 매곡동 38-10[중앙로 186] 3층,34.96226926488288,127.48486796156953
232,230.0,부속기관,강원도 고성군 간성읍 신안리 111외1필지 고성삼익레스타운 108동 1509호,38.37932373630883,128.47907373597872
233,231.0,부속기관,"강원도 속초시 교동 907-4번지 지상1,2층",38.20127613334805,128.57784814947817
234,232.0,부속기관,강원도 속초시 교동 908-10외 1필지 3층,38.20066078430396,128.5775197991096
235,233.0,부속기관,"강원도 속초시 동명동 519-1외 1필지 2,3층",38.21056181997067,128.58879433277173
236,234.0,부속기관,강원도 양양군 양양읍 서문리 414 양양서문주공아파트 101동 402호,38.07491828456459,128.611882852103
237,235.0,부속기관,강원도 영월군 하송로 123-7 하송4주공아파트 406동 707호,37.17759926749013,128.45942819123607
238,236.0,부속기관,강원도 원주시 단구동 1515-10 대동빌딩 2층,37.330371251377706,127.94831586489906
239,237.0,부속기관,강원도 철원군 신철원리 959-1 960 2층,38.14243999826058,127.30747959458759
240,238.0,부속기관,강원도 춘천시 조양동 43-1 3층,37.879768379185386,127.72932405055414
241,239.0,부속기관,경기도 고양시 일산동구 장항동 898-1 금강프라자빌딩 504호,37.65025567549362,126.77777176128609
242,240.0,부속기관,경기도 고양시 일산서구 탄현동 1563-3 예일큰프라자  303호,37.69157413208432,126.7627640296326
243,241.0,부속기관,경기도 광주시 초월읍 산이리 91-4 1층일부,37.36480633948276,127.3132909860304
244,242.0,부속기관,경기도 구리시 수택동 516-28 3층,37.598522778224144,127.14461920456755
245,243.0,부속기관,경기도 구리시 왕숙천로 507 2층,37.619871892604884,127.14224108260584
246,244.0,부속기관,경기도 군포시 산본동 81-29 제상가동 208호외 6호,37.37173564432538,126.93801966313582
248,246.0,부속기관,경기도 김포시 사우동 253-3 유림회관 3층 303호,37.616595092106834,126.71572083140768
249,247.0,부속기관,경기도 김포시 월곶면 군하리 55-11 2층,37.71631482559378,126.55575795830968
250,248.0,부속기관,경기도 남양주시 화도읍 월산리 65-3번지 다동,37.65571992185935,127.33614071020419
251,249.0,부속기관,경기도 동두천시 생연동 612-23 2.3층,37.907781794321245,127.05479044681604
252,250.0,부속기관,"경기도 동두천시 지행동 695-5, 내행프라자 803호",37.8930567658243,127.0547658890753
253,251.0,부속기관,경기도 성남시 중원구 성남동 2612번지 4층,37.436834777088905,127.1426984657386
254,252.0,부속기관,경기도 수원시 장안구 영화동 446-3 2층 201호,37.286391542700855,127.00598578750285
255,253.0,부속기관,경기도 시흥시 신천로 91(신천동) 765-2번지 3층,37.43852531775634,126.78583456263955
256,254.0,부속기관,경기도 안양시 동안구 관양동 1446-1번지 3층,37.40322328588888,126.96004944281914
257,255.0,부속기관,경기도 안양시 동안구 관양동 1446-1번지 4층,37.40322328588888,126.96004944281914
258,256.0,부속기관,경기도 안양시 동안구 관양동 1452번지 2층,37.40316632182188,126.9621818543768
259,257.0,부속기관,"경기도 양주시 덕계동 418-9, 4층",37.81678935628005,127.04649603088644
260,258.0,부속기관,"경기도 양평군 양평읍 남북로75번지 1층,2층",37.489466517263004,127.50154367911377
261,259.0,부속기관,경기도 양평군 양평읍 양근리 170-5 3층 301호,37.492309805079316,127.49562841501488
262,260.0,부속기관,경기도 여주시 가남읍 태평리 268-3외 7필지 11층 제1107호,37.213860515185615,127.54211414490598
263,261.0,부속기관,경기도 여주시 대신면 대신로 295-32,37.36823885937889,127.63819051113147
264,262.0,부속기관,경기도 여주시 하동 126-19외 1필지 2층,37.298978951940235,127.62954740697475
265,263.0,부속기관,경기도 의정부시 가능동 647-30 3층(전부),37.746995237870635,127.04203629602706
266,264.0,부속기관,경기도 이천시 신하리 272 2층,37.263202188587364,127.48188019662136
267,265.0,부속기관,경기도 이천시 창전동 469-13 한솔아파트생활편익시설,37.27822310295791,127.45011560758233
269,266.0,부속기관,경기도 평택시 비전동 760-3,36.99266786461138,127.10077259894179
270,267.0,부속기관,경기도 화성시 봉담읍 동화리 600-2 쏘시엘봉담빌딩 401호,37.21693964662375,126.95992255545964
271,268.0,부속기관,"경남 거창군 거창읍 대동리 930-2번지,931-4번지 4,5층",35.68638544864477,127.91615425376307
272,269.0,부속기관,경남 사천시 동금동 140-4외 1필지 2층,34.93496882806698,128.07705809658944
273,270.0,부속기관,경남 진주시 옥봉동  807-9번지 3층,35.19125338277169,128.0903770853076
274,271.0,부속기관,경남 함양군 지곡면 함양로 1745,35.55603692685662,127.76833940897667
275,272.0,부속기관,경북 경산시 진량읍 내리리 94-11,35.896843681629086,128.8509243692784
276,273.0,부속기관,경북 김천시 평화동 245-69 외 1필지. 제1.2동 제2층 제2-1호,36.12464853922349,128.1115963714504
277,274.0,부속기관,경북 김천시 평화동 245-69 외 1필지. 제1.2동 제2층 제2-2호,36.12464853922349,128.1115963714504
278,275.0,부속기관,경북 울진군 울진읍 읍내8길 17-3번지 401호 전부,36.994895719068275,129.4020790496477
279,276.0,부속기관,경북 포항시 남구 해도동 33-72번지 3층,36.02638610854722,129.36797609557897
280,277.0,부속기관,경북 포항시 북구 장성동 1365-2 장성리치프라자 6층 제601호,36.069644924262306,129.3788611878106
281,278.0,부속기관,경북 포항시 북구 죽도동 156-79번지 4층,36.03494793224585,129.36438548721785
282,279.0,부속기관,경북 포항시 북구 학산동 136번지 2층,36.04955599370446,129.37034335539656
283,280.0,부속기관,"경북 포항시 북구 학산동 145-8번지 3,4층",36.049669755581476,129.3702402563265
284,281.0,부속기관,경남 거창군 거창읍 거창대로 53 4층,35.686284316364635,127.9161796099394
286,283.0,부속기관,경남 김해시 부원동 601-12 4층,35.22933125196167,128.88208332022802
287,284.0,부속기관,경남 창녕군 창녕읍 옥만길 9    3층,35.541048886839945,128.49750923455056
288,285.0,부속기관,"경남 창원시 마산합포구 해안대로 15 경민파라다이스201 504-1,2호",35.18055446084143,128.56060186738938
289,286.0,부속기관,경남 창원시 마산회원구 3.15대로 763 3층,35.23999707593412,128.58331915165618
290,287.0,부속기관,"경남 창원시 마산회원구 양덕북17길 48 대상아파트 제102동 상가 2층 213, 214, 215호",35.23571978700538,128.58346009275763
291,288.0,부속기관,경상북도 경주시 황성동 1146번지,35.85326395786671,129.21791233480556
292,289.0,부속기관,광주 광산구 쌍암동 663-10번지 4층,35.22084748676645,126.84279827028605
293,290.0,부속기관,광주 광산구 우산동 1578-5번지 3층,35.163633632873,126.80583083513577
294,291.0,부속기관,광주 광산구 월계동 769-3번지 4층,35.213375729083246,126.8390125938053
295,292.0,부속기관,광주 광산구 월계동 772-5번지 2층,35.21286308596015,126.8358241935026
296,293.0,부속기관,광주 광산구 월곡동 495-6번지 2층,35.17567469753732,126.8074269253875
297,294.0,부속기관,광주 동구 장동로 23-3 4층,35.148294673574874,126.9243529438296
298,295.0,부속기관,광주 북구 각화동 503-57번지 3층,35.18163328754922,126.92891991843793
299,296.0,부속기관,광주 북구 문흥동 740-1번지 4층,35.1775200254502,126.91832306445244
300,297.0,부속기관,광주 북구 오치동 866-10번지 2층,35.18513906546518,126.90459156190198
301,298.0,부속기관,광주 북구 오치동 869-18번지 3층,35.18493632717113,126.9035378075529
302,299.0,부속기관,광주 북구 오치동 911-13번지 2층,35.191345715461296,126.90223020799536
303,300.0,부속기관,광주 북구 오치동 922-23번지 2층,35.189498091015096,126.90468308798435
304,301.0,부속기관,광주 북구 오치동 922-23번지 3층,35.189498091015096,126.90468308798435
305,302.0,부속기관,광주 북구 오치동 951-4번지외 1필지 2층,35.1873242318816,126.90494913206835
306,303.0,부속기관,광주 북구 오치동 971-3번지 2층,35.18703528317289,126.90429509877711
307,304.0,부속기관,광주 북구 오치동 989-18번지 2층,35.18436927980911,126.90687170196692
308,305.0,부속기관,광주 북구 오치동 989-18번지 3층,35.18436927980911,126.90687170196692
309,306.0,부속기관,광주 북구 오치동 990-7번지 2층,35.18506246619549,126.90810935290396
310,307.0,부속기관,광주 북구 오치동 994-2번지 3층,35.18238731798418,126.9082089768682
311,308.0,부속기관,광주 북구 용봉동 1149-44번지 2층,35.18176521584908,126.90112625155645
312,309.0,부속기관,광주 북구 용봉동 1205-2 엔에시스템 2층,35.182478373137855,126.90473080784292
313,310.0,부속기관,"광주 북구 용봉동 1223-12 2,3층",35.1814591128057,126.9015657665857
314,311.0,부속기관,광주 서구 농성동 114-3번지 푸른빌 201호,35.151893223026015,126.89154862147616
315,312.0,부속기관,광주광역시 광산구 신가동 992-3번지 301호,35.18570022339631,126.83872903432179
316,313.0,부속기관,광주광역시 광산구 월곡동 495-6번지 3층,35.17567469753732,126.8074269253875
317,314.0,부속기관,광주광역시 남구 월산동 964-1번지 3층,35.14484374942823,126.89062301554611
318,315.0,부속기관,광주광역시 북구 오치동 946-28번지 3층,35.18921520170344,126.9025885008349
319,316.0,부속기관,광주광역시 북구 오치동 971-3번지 3층,35.18703528317289,126.90429509877711
320,317.0,부속기관,광주광역시 북구 오치동 971-3번지 4층,35.18703528317289,126.90429509877711
321,318.0,부속기관,광주광역시 북구 오치동 977-23번지 3층,35.18548612414886,126.90579007946282
322,319.0,부속기관,"광주광역시 북구 운암동 396-31,32번지 2층",35.17254897398198,126.88782400823487
323,320.0,부속기관,광주광역시 서구 화정동 784-26 6층,35.15238098637927,126.87749597001557
324,321.0,부속기관,광주시 광산구 우산동 1573-4 5층,35.163888850792695,126.8031212949263
325,322.0,부속기관,광주시 남구 백운동 634-20번지 2층,35.13398284267438,126.90173705081133
326,323.0,부속기관,광주시 남구 송하동 43-28번지 금호타운 제상가2동 제지하 1층 제지 101호,35.10963330344446,126.89519807052314
327,324.0,부속기관,광주시 남구 주월동 398-56외 1필지 3층 4층,35.128069589186595,126.89702204723645
328,325.0,부속기관,광주시 북구 오치동 923-13번지 3층,35.19072822930973,126.90556443171634
329,326.0,부속기관,광주시 북구 오치동 964-19번지 2층,35.18757098752623,126.91181318490112
330,327.0,부속기관,광주시 북구 오치동 969-2번지 2층,35.18697171676625,126.9059947766734
331,328.0,부속기관,광주시 북구 오치동 993-4번지 2층,35.18250957536523,126.90777847240678
332,329.0,부속기관,광주시 북구 오치동 993-5번지 2층,35.18246641389736,126.90791465759116
333,330.0,부속기관,광주시 북구 오치동 993-5번지 3층,35.18246641389736,126.90791465759116
334,331.0,부속기관,대구광역시 남구 대명동 1200-12(2층),35.83753069072327,128.56119948286707
335,332.0,부속기관,대구광역시 수성구 신매동 567-48 (3층),35.83862004849866,128.70893875325066
336,333.0,부속기관,대전 대덕구 덕암동 49-2 1층,36.4397915130815,127.42494892614319
338,335.0,부속기관,"대전 중구 용두동 19-16번지 2,3층",36.32333373325009,127.41200327872737
339,336.0,부속기관,"대전 중구 용두동 19-8,12",36.32363305708987,127.41196476278698
340,337.0,부속기관,"부산광역시 금정구 금강로 231, 3층",35.22896758959676,129.08418458584995
341,338.0,부속기관,"부산광역시 기장군 기장읍 교리 242외 2필지 3층, 4층 부분",35.255617051993056,129.2167339874128
342,339.0,부속기관,"부산광역시 기장군 정관읍 구연로 5, 2층",35.322225088364064,129.18020556059656
343,340.0,부속기관,"부산광역시 기장군 정관읍 달산리 1221-3,1221-4 신영빌딩 501호 601호",35.320811272021075,129.1894251665064
344,341.0,부속기관,부산광역시 동래구 수안동 192-3번지 3층,35.201237635288045,129.0843802749917
345,342.0,부속기관,"부산광역시 북구 만덕대로39번길 34, 3층",35.212709612309936,129.00901388233876
347,344.0,부속기관,"부산시 부산진구 범일로 190, 3층, 6층중앙",35.14694457973592,129.0599541555336
348,345.0,부속기관,서울시 강북구 수유동 569-18 세화빌딩3층 ,37.64710563957488,127.01067401759437
349,346.0,부속기관,서울시 관악구 남현동 1056-29 301호,37.47625670946375,126.97608233101637
351,348.0,부속기관,서울시 관악구 신림동1668-15 이화빌딩 3층,37.48017722307699,126.90382687416327
352,349.0,부속기관,"서울시 금천구 시흥대로71길34, 보광빌딩302호",37.45541718704338,126.89918850164614
353,350.0,부속기관,"서울시 노원구 공릉동 653-10, 2층 좌측",37.61928563522717,127.07964696474095
354,351.0,부속기관,서울시 노원구 상계동 708-2 이화빌딩 제4층,37.65452281848904,127.05871519975709
355,352.0,부속기관,서울시 노원구 상계동763-7 동일빌딩 503호,37.64849176742979,127.06198750338318
356,353.0,부속기관,서울시 서초구 방배동 941-2번지 2층,37.48615539934893,126.99011326860584
357,354.0,부속기관,서울시 서초구 잠원동 22-1 원창빌딩 2층,37.514777651261795,127.01767260573915
358,355.0,부속기관,"서울시 송파구 송이로 23길 4, 티제이빌딩 2층 전체",37.4948340609802,127.12405074371237
359,356.0,부속기관,서울시 송파구 올림픽로 12길 4-23(잠실동 180-6) 4층 전부,37.51111433556831,127.08159946536537
360,357.0,부속기관,서울시 영등포구 여의도동 53 우정상가 제5층 제501호,37.519333349461164,126.93279839158359
361,358.0,부속기관,서울시 은평구 녹번동 197외1필지 5층 일부,37.601836993525794,126.9286655996911
362,359.0,부속기관,"서울시 은평구 수색동 154-2번지 흥남빌딩 3층 305,6호",37.58147295843335,126.89716208728268
363,360.0,부속기관,서울시 은평구 응암동 103-1 2층 203호,37.60012488306248,126.9225839292108
364,361.0,부속기관,서울시 은평구 응암동 109-17 4층 전체,37.59918692100399,126.92117620105554
365,362.0,부속기관,서울시 종로구 동숭동 1-41 우성빌딩 4층,37.583326908675424,127.00307040572154
367,364.0,부속기관,서울특별시 강동구 천호동 550번지 광천빌딩 2층 전체,37.54036926942156,127.12879699687723
368,365.0,부속기관,서울특별시 광진구 중곡동 132-9번지 3층,37.55582034418947,127.08395240830474
370,367.0,부속기관,서울특별시 서초구 양재동 17-1외 1필지 제2층 201호,37.481972390800735,127.03872614800804
371,368.0,부속기관,서울특별시 용산구 갈월동 70-3 2층 전체,37.54699174380301,126.97151522055238
372,369.0,부속기관,안산시 단원구 고잔동 542-2 우진빌딩 203호,37.31735435720588,126.84230667427875
373,370.0,부속기관,안산시 단원구 고잔동 542-2 우진빌딩 411호,37.31735435720588,126.84230667427875
374,371.0,부속기관,안산시 단원구 고잔동 542-2 우진빌딩412호,37.31735435720588,126.84230667427875
375,372.0,부속기관,울산광역시 동구 방어동 901-14,35.48821435700579,129.41581069016226
376,373.0,부속기관,울산광역시 북구 상안동 357-2 지팝프라자 제4층 401호,35.62926632390626,129.34361124914696
377,374.0,부속기관,울산광역시 중구 성남동 254-8외 1필지 3층,35.55338566846704,129.32152605399529
378,375.0,부속기관,"인천광역시 강화군 강화읍 용정리 1076-4 1,2층",37.73826858408601,126.51352771957258
379,376.0,부속기관,인천광역시 남동구 간석동 49-28 3층,37.46540110958954,126.71444049165939
380,377.0,부속기관,인천광역시 부평구 산곡동 369-256외 2필지 2층,37.49220642355062,126.70505707148253
381,378.0,부속기관,인천광역시 중구 운서동 2796-1 제5층 501호,37.49370411619179,126.48904243012653
382,379.0,부속기관,전남 고흥군 도양읍 남촌길 24 [봉암리 2691-7] 2층,34.52996276924265,127.1368041712096
383,380.0,부속기관,전남 고흥군 서문리 217-9번지 3층,34.60724811481749,127.27915991203001
384,381.0,부속기관,"전남 광양시 광양읍 칠성리 436-3번지 2,3층",34.974316609445815,127.58296556182536
385,382.0,부속기관,"전남 구례군 구례읍 봉동리 376번지 2,3층",35.2091110153681,127.46583814437908
386,383.0,부속기관,전남 나주시 빛가람동 256-2 포스빌딩 3층,35.02148610421033,126.7980942522721
387,384.0,부속기관,전남 나주시 송월동 1092-4번지 2층,35.01745101167396,126.7120728394048
390,387.0,부속기관,전남 영광군 영광읍 남천리 154외 1필지 2층,35.27539985977826,126.50886348325564
391,388.0,부속기관,전남 장흥군 장흥읍 건산리 739-22번지 2층,34.67926428387551,126.90645871686044
392,389.0,부속기관,전남 해남군 해남읍 해리 622-13번지 2층,34.56860415307037,126.60104592647036
393,390.0,부속기관,전남 화순군 화순읍 교리 101-3번지 2층,35.06262592620007,126.98344635178968
394,391.0,부속기관,전라남도 영암군 영암읍 동무리 47-12 2층,34.79914061430199,126.70151728864977
395,392.0,부속기관,전라남도 함평군 함평읍 대덕리 505번지 단층,35.074019638975116,126.50495950321299
396,393.0,부속기관,전북 군산시 동흥남동 404-8번지 (2층),35.97317063182156,126.72133946511475
397,394.0,부속기관,전북 김제시 요촌동 47-1번지 3층,35.802983938936926,126.89288334053246
398,395.0,부속기관,전북 남원시 하정동216-4번지 3층,35.409161487484624,127.37727381306445
399,396.0,부속기관,전북 부안군 부안읍 봉덕리 574-94 부안프라자 6층,35.72696656218052,126.7374658329231
400,397.0,부속기관,전북 완주군 봉동읍 낙평리 1217-8 1층 주건축물제1동,35.927130055748776,127.16165484253662
401,398.0,부속기관,전북 임실군 임실읍 이도리 763-14,35.61558636522674,127.28014329857322
402,399.0,부속기관,전북 전주시 완산구 서신동 780-3 (4층),35.83096253340957,127.12237408449047
403,400.0,부속기관,전북 전주시 완산구 중앙동1가 54-1번지 2층,35.816026290434685,127.14252096457399
404,401.0,부속기관,충남 계룡시 금암동 서금암2길 16 우리빌딩 4층,36.27293686879963,127.25537976466556
405,402.0,부속기관,충남 공주시 번영2로 10번지 2층 우측,36.468778576694554,127.13204491510311
406,403.0,부속기관,"충남 논산시 중앙로 410번길 6, 5층",36.200648050291555,127.08895783134234
407,404.0,부속기관,충남 논산시 화지동 41-4 2층,36.20778139798755,127.0847802679101
408,405.0,부속기관,"충남 당진시 읍내동 640-18,21,23 3층",36.891334989989396,126.62886458720565
409,406.0,부속기관,충남 보령시 동대동 1874번지 2층,36.34515206712518,126.60370450036481
410,407.0,부속기관,"충남 서산시 동문동 194-5, 194-14 (이디야 2층)",36.779219910011115,126.46512516851121
411,408.0,부속기관,충남 서산시 동문동 208-1,36.780547648040184,126.46062608880264
412,409.0,부속기관,충남 서산시 동문동 426-4 3층(대사동 5로 3),36.783955418563124,126.4578060074568
413,410.0,부속기관,충남 서산시 동문동 436-52(학동9로 4),36.786515540908475,126.45960735324947
414,411.0,부속기관,"충남 서천군 서천읍 충절로 49번길 33-5번지 1,2층",36.07653285254475,126.68860290358045
415,412.0,부속기관,충남 아산시 모종동 592-17 2층 ,36.780706314033274,127.01390889112017
416,413.0,부속기관,"충남 아산시 온천동 131-37, 2층(202호)",36.779398589853095,127.00527847790785
417,414.0,부속기관,충남 아산시 온천동 1331-1 3층,36.78664726982965,126.9985166886738
418,415.0,부속기관,"충북 음성군 금왕읍 무극리 186번지 1,2층",36.99552502367937,127.59602772899164
419,416.0,부속기관,충북 제천시 동현동 58-26번지 2층,37.133681881310736,128.2185857162182
420,417.0,부속기관,충북 제천시 중앙동 중앙로 2가 84-4번지 3층,37.1394610055961,128.2127811242675
421,418.0,부속기관,충북 충주시 사직로 191 황금타운 지하2층 201호,36.96956863823934,127.9323172405049
422,419.0,부속기관,"충남 보령시 동대동 1354외1필지 상가 2,3층",36.351617797879925,126.60884093614561
423,420.0,부속기관,전북 전주시 덕진구 덕진동2가 200-10 송정빌딩 3층,35.84617019558531,127.1207458771138
424,421.0,부속기관,강원도 철원군 갈말읍 신철원리 885-5 5필지 다동 401호,38.137847079647834,127.30544818646666
425,422.0,부속기관,경기도 포천시 소흘읍 솔모루로109번길 13 (송우리) 메가프라자 3층 306호(송우리 222-61),37.83101698025107,127.14748906248194
426,423.0,부속기관,"경기도 포천시 소흘읍 송우로 53 (송우리, 우덕프라자) 5층 501호",37.828658322278585,127.14307256092017
427,424.0,부속기관,경기도 포천시 선단동 526-7 2층,37.849216989046944,127.16330496085703
428,425.0,부속기관,"경기도 용인시 기흥구 구갈동 581 아트프라자 703,4호",37.27129836128368,127.12650622888745
430,427.0,부속기관,경기도 화성시 진안동 524-1 메트로프라자 501호,37.21105096372812,127.03833040037313
431,428.0,부속기관,경북 구미시 원평동 1021 2층,36.12837861766912,128.34118855635447
432,429.0,부속기관,서울시 노원구 상계동 764-1 하라프라자 4층 408호,37.64674352287554,127.06262512856716
433,430.0,부속기관,서울시 노원구 상계동 764-1 하라프라자 5층 501호,37.64674352287554,127.06262512856716
434,431.0,부속기관,서울시 노원구 상계동 764-1 하라프라자 5층 502호,37.64674352287554,127.06262512856716
435,432.0,부속기관,서울시 동대문구 제기동 1138번지 정우빌딩5층,37.5784629402834,127.03716398235473
436,433.0,부속기관,"성남시 중원구 광명로 110 지하,2층,3층",37.43576656379423,127.14087047380096
437,434.0,부속기관,충북 청주시 상당구 북문로 2가 133-2번지,36.639771665974415,127.48757171756138
438,435.0,부속기관,경남 진주시 상대동 292-21 8필지 한보프라자 제1동 제4층 401호,35.17964477887113,128.1034962377436
439,436.0,부속기관,경남 진주시 상대동 292-21외 8필지 한보프라자 제1동 제4층 402호,35.17964477887113,128.1034962377436
440,437.0,부속기관,강원도 강릉시 강릉대로 359번길 5-15 수전빌딩 3층,37.76660077889496,128.90443318801576
441,438.0,부속기관,강원도 동해시 천곡동 160-1번지 가나빌딩 A라인 1층,37.52908985244395,129.1052779774306
442,439.0,부속기관,강원도 동해시 평릉동 159-1 1층,37.52954155291971,129.1054083173793
443,440.0,부속기관,강원도 동해시 평릉동 159-1 1호,37.52954155291971,129.1054083173793
444,441.0,부속기관,강원도 동해시 평릉동 159-1번지 일성빌딩 1층,37.52954155291971,129.1054083173793
447,444.0,부속기관,강원도 원주시 소초면 장양리 794-1번지,37.410672371688385,127.95713444984884
448,445.0,부속기관,"강원도 원주시 우산동 231-12번지 정우빌딩 지하1층,지상3,4,5,6층",37.3666521600715,127.93842753990121
449,446.0,부속기관,강원도 원주시 우산동 93-17 2층,37.36534951486767,127.93999168010129
450,447.0,부속기관,"강원도 원주시 학성동 203-7번지 2층,3층",37.35278738239837,127.94885061120924
451,448.0,부속기관,강원도 춘천시 석사동 678-1 4층,37.858545085604696,127.74558709032571
452,449.0,부속기관,"강원도 춘천시 효자동 615, 4층",37.87495593683257,127.74052874885773
453,450.0,부속기관,경기도 가평군 청평면 청평리 301-4 1층 104호,37.74143690754265,127.42279482579977
454,451.0,부속기관,경기도 가평군 청평면 청평리 301-4 5층 508호,37.74143690754265,127.42279482579977
455,452.0,부속기관,"경기도 가평군 청평면 청평리 301-4 6층 602, 608호",37.74143690754265,127.42279482579977
456,453.0,부속기관,"경기도 가평군 청평면 청평리 317-4번지 2층,3층",37.73959096599304,127.42200377464927
457,454.0,부속기관,경기도 고양시 덕양구 화정동 967-1 (805호),37.63589799222081,126.83255872008965
458,455.0,부속기관,"경기도 고양시 덕양구 화정동 967-1,2번지 한솔타워 609호",37.63589799222081,126.83255872008965
459,456.0,부속기관,"경기도 고양시 덕양구 화정동 967-1번지 한솔타워 10층 1001,2,5~8호",37.63589799222081,126.83255872008965
460,457.0,부속기관,경기도 고양시 덕양구 화정동 967-1번지 한솔타워 10층 1003호,37.63589799222081,126.83255872008965
461,458.0,부속기관,경기도 고양시 덕양구 화정동 967-1번지 한솔타워 10층 1004호,37.63589799222081,126.83255872008965
462,459.0,부속기관,경기도 고양시 덕양구 화정동 967-1번지 한솔타워 614호,37.63589799222081,126.83255872008965
463,460.0,부속기관,경기도 김포시 사우동 253-3 유림회관 3층 306호,37.616595092106834,126.71572083140768
464,461.0,부속기관,경기도 김포시 사우동 253-3 유림회관 4층 404호,37.616595092106834,126.71572083140768
465,462.0,부속기관,경기도 부천시 원미구 중동 1146 하이베라스 4층 408호,37.501993515545756,126.77105996674223
466,463.0,부속기관,경기도 성남시 분당구 이매동 91-1 미래빌딩 2층 전체,37.398148945686714,127.12995363038338
467,464.0,부속기관,경기도 수원시 장안구 파장동 209-1 115호,37.30997350099626,126.99440490274482
468,465.0,부속기관,경기도 수원시 장안구 파장동 209-1 205호,37.30997350099626,126.99440490274482
469,466.0,부속기관,경기도 수원시 장안구 파장동 209-1 대영프라자 1층 122호,37.30997350099626,126.99440490274482
470,467.0,부속기관,"경기도 수원시 장안구 파장동 209-1 대영프라자 제203호, 204호",37.30997350099626,126.99440490274482
471,468.0,부속기관,경기도 수원시 팔달구 매산로 46 4층 전체,37.26832746947427,127.00638120993798
472,469.0,부속기관,경기도 용인시 기흥구 구갈동 581 아트프라자 601호,37.27129836128368,127.12650622888745
473,470.0,부속기관,경기도 의정부시 호원동 455-3 다메오상가 2층 211호,37.7115775756479,127.04804517640935
474,471.0,부속기관,"경기도 의정부시 호원동 85-19 3층,4층(전체)",37.713589189694105,127.04644507740569
475,472.0,부속기관,경기도 화성시 진안동 524-1 매트로프라자 1층 107호,37.21105096372812,127.03833040037313
476,473.0,부속기관,"경북 구미시 원평동 1024 지하, 1층 주차장",36.127686874080304,128.3411590134054
477,474.0,부속기관,경북 구미시 원평동 1025-6번지 3층,36.127319855203154,128.34013528616808
478,475.0,부속기관,경북 구미시 원평동 1037-39번지 4층,36.124931894817315,128.34318703131987
479,476.0,부속기관,경북 포항시 북구 장성동 1365-2외 3릴지 장성리치프라자 3층 104호,36.069644924262306,129.3788611878106
480,477.0,부속기관,경북 포항시 북구 장성동 1365-2외 3필지 장성리치프라자 1층 102호,36.069644924262306,129.3788611878106
481,478.0,부속기관,경북 포항시 북구 장성동 1365-2외 3필지 장성리치프라자 1층 114호,36.069644924262306,129.3788611878106
482,479.0,부속기관,경북 포항시 북구 장성동 1365-5번지 2층,36.06948898027327,129.37909176146485
483,480.0,부속기관,경남 창원시 마산합포구 산호동2길 23 2층,35.217335290031016,128.58781197169478
484,481.0,부속기관,경남 창원시 마산합포구 산호북2길 1 2층,35.21673617551884,128.58704035160076
485,482.0,부속기관,경남 창원시 마산합포구 합포로 196 2층,35.21468182756413,128.58700474990778
486,483.0,부속기관,경남 창원시 마산합포구 합포로 218 3층,35.21664614165076,128.58758330224
487,484.0,부속기관,경남 창원시 마산합포구 합포로 220 3층,35.21680122957008,128.5875775371465
488,485.0,부속기관,과천시 별양동 1-11 벽산상가 (5층),37.42803307704717,126.99295900673037
489,486.0,부속기관,과천시 별양동 1-11번지 벽산빌딩 305-1호,37.42803307704717,126.99295900673037
490,487.0,부속기관,과천시 별양동 1-13 제일쇼핑 4층 ,37.427333890403965,126.99300426430092
491,488.0,부속기관,광주 북구 오치1동 463-12번지 2층,35.18264362822926,126.90863905640175
492,489.0,부속기관,광주광역시 남구 송하동 45-1 삼익아파트 상가 에이동 201호,35.10894746168339,126.89427317556465
493,490.0,부속기관,광주광역시 남구 송하동 45-1외 4필지 삼익아파트 102동 603호,35.10894746168339,126.89427317556465
494,491.0,부속기관,광주광역시 남구 송하동 45-2 삼익상가 B동 1층 101호,35.10986622109659,126.89354803515559
495,492.0,부속기관,광주광역시 남구 주월동 398-51번지 4층,35.12835814455871,126.89716211889676
496,493.0,부속기관,광주광역시 북구 오치동 995-7번지 1층,35.18223234145135,126.90828380635924
497,494.0,부속기관,대구광역시 남구 대명4동 3047-2(2층),35.84657166667897,128.56668945085207
498,495.0,부속기관,대구광역시 남구 대명동 1610-24외 1필지 (1층),35.840158851077724,128.56643050546802
499,496.0,부속기관,대구광역시 남구 대명동 1625-10(1층),35.8405647103869,128.56820041512947
500,497.0,부속기관,대구광역시 남구 대명동 1679-1 상경빌딩(지하),35.843761924403076,128.58030958279383
501,498.0,부속기관,"대구광역시 남구 대명동 1683-13,14/2필지 (지하)",35.84111736566225,128.5802172707437
502,499.0,부속기관,대구광역시 남구 대명동 780-1(3층),35.83987627136199,128.5767352330618
503,500.0,부속기관,"대구광역시 남구 대명동 784-6(4,5층 전부)",35.84041809503981,128.57939326849393
504,501.0,부속기관,대전광역시 서구 탄방동 628번지 건형빌딩 501호,36.34406244632546,127.38334148152225
505,502.0,부속기관,대전시  동구 용전동 134-1번지 외2필지 3층,36.35124422592357,127.43260863466968
506,503.0,부속기관,대전시 서구 둔산동 1081번지 향촌월드프라자 403호,36.35188719926688,127.3757284974559
509,506.0,부속기관,"서울시 강서구 화곡동 1032, 2층 남측",37.54409361809751,126.83731313418565
510,507.0,부속기관,서울시 관악구 신림동 1419-17번지 105호,37.48615734206989,126.93109138421524
511,508.0,부속기관,서울시 노원구 상계동 764-1 하라프라자 4층 406호,37.64674352287554,127.06262512856716
512,509.0,부속기관,서울시 노원구 상계동 767-6 주공1단지유치원상가 2층,37.647246067612954,127.0595389184037
513,510.0,부속기관,서울시 노원구 상계동764-1하라프라자 2층 211호,37.64674352287554,127.06262512856716
514,511.0,부속기관,서울시 노원구 상계동764-1하라프라자403호,37.64674352287554,127.06262512856716
515,512.0,부속기관,서울시 마포구 양화로 7길 6-16 지하 102호,37.551686412347365,126.91583042026207
516,513.0,부속기관,서울시 성동구 행당동 128-22 칠성빌딩 3층 301호,37.55797739585398,127.03874281332686
517,514.0,부속기관,"서울특별시 구로구 개봉동 178-13, 4층",37.49627477746442,126.85908379841305
518,515.0,부속기관,성남시 중원구 광명로 81 3층 301호,37.43478591601931,127.13810712751558
519,516.0,부속기관,안산시 단원구 고잔동 542-2 우진빌딩 304호,37.31735435720588,126.84230667427875
520,517.0,부속기관,안산시 단원구 고잔동 542-2 우진빌딩 314호,37.31735435720588,126.84230667427875
521,518.0,부속기관,안산시 단원구 고잔동 542-2 우진빌딩 315호,37.31735435720588,126.84230667427875
522,519.0,부속기관,안산시 단원구 고잔동 542-2 우진빌딩 410호,37.31735435720588,126.84230667427875
523,520.0,부속기관,안산시 단원구 고잔동 542-2 우진빌딩 413-2호,37.31735435720588,126.84230667427875
524,521.0,부속기관,안산시 단원구 고잔동 542-2 우진빌딩 414호,37.31735435720588,126.84230667427875
525,522.0,부속기관,안산시 단원구 고잔동 542-2 우진빌딩 415호,37.31735435720588,126.84230667427875
526,523.0,부속기관,인천광역시 남구 주안동 1580-17 2층,37.456890707863444,126.69239243064092
527,524.0,부속기관,인천광역시 남동구 만수동 981-1 제2층 202호,37.4498541257584,126.73171837422358
528,525.0,부속기관,인천광역시 부평구 산곡동 366-11 2층,37.494712377021685,126.70264537108375
529,526.0,부속기관,인천광역시 연수구 연수동 592번지 브랫슬 빌딩 403-1호,37.41708558902809,126.67810490123713
530,527.0,부속기관,전남 목포시 대안동 1-11번지 3층,34.79377866851592,126.38594290727629
531,528.0,부속기관,전남 목포시 용당1동 964-43번지2층,34.80547154799783,126.39096189894394
532,529.0,부속기관,전남 여수시 선원동 1269-6번지 3층,34.776064437223624,127.65285604239213
533,530.0,부속기관,전남 여수시 선원동 1269-6번지 3층,34.776064437223624,127.65285604239213
534,531.0,부속기관,전북 군산시 금광동 165-4번지 (2층),35.982757284874964,126.70816812897235
535,532.0,부속기관,전북 군산시 나운동 837-23번지(2층),35.964702014249184,126.69443034938753
536,533.0,부속기관,창원시 성산구 남산동 601-1 창남상가 105호,35.20395447348238,128.69336021776772
537,534.0,부속기관,창원시 성산구 남산동 601-1 창남상가 1층 106호,35.20395447348238,128.69336021776772
538,535.0,부속기관,창원시 성산구 남산동 601-25번지 대운상가 제2층 206호,35.20081173513594,128.69794152881283
539,536.0,부속기관,창원시 성산구 남산동 601-38 남경상가 107호,35.203054682050606,128.69403107214308
540,537.0,부속기관,창원시 성산구 남산동 601-38 남경상가 301호,35.203054682050606,128.69403107214308
541,538.0,부속기관,창원시 성산구 남산동 601-38 남경상가 303호,35.203054682050606,128.69403107214308
542,539.0,부속기관,"창원시 성산구 남산동 601-4 한양상가 2-2,2-2-1호",35.202060311685564,128.69682123611634
543,540.0,부속기관,충북 충주시 성서동 141번지 2층,36.972113929825454,127.93084796352136
544,541.0,부속기관,충북 충주시 성서동 586번지 4층,36.970136470725585,127.93390081282337
545,542.0,부속기관,강원도 원주시 명륜동 310-2번지 1층,37.34001236313761,127.93877302029338
546,543.0,부속기관,강원도 춘천시 퇴계동 1082 3층,37.86216037921012,127.73225963723934
547,544.0,부속기관,"경기도 김포시 사우동 251-4 창대빌딩 2,3층",37.61682804132368,126.7166759092963
548,545.0,부속기관,"경기도 고양시 일산서구 주엽동 114번지 남수빌딩 4층 401호,402호",37.67033207596923,126.75889624681464
549,546.0,부속기관,경기도 광주시 송정동 334-1 가동 2-3층 전부,37.42729997871344,127.25692121402058
550,547.0,부속기관,경기도 동두천시 생연동 601-19번지 7층(전부),37.90632603446606,127.05443459644997
551,548.0,부속기관,경기도 부천시 중동 798-1 3층,37.48767867632233,126.76937593735774
552,549.0,부속기관,"경기도 성남시 수정구 위례광장로 19, 아이페리온 1001호~1003호",37.46569152540471,127.14043375749596
553,550.0,부속기관,경기도 수원시 장안구 영화동 438-11번지 외 1필지 3층 전체,37.28753014629677,127.01044258240056
554,551.0,부속기관,"경기도 안양시 만안구 안양동 622-181 2층, 3층",37.397940018497096,126.92396239575325
555,552.0,부속기관,"경기도 오산시 오산로 235(오산동) 5층 501, 502호",37.14797443844583,127.06831242453283
556,553.0,부속기관,경기도 용인시 수지구 죽전1동 452번지 그린피아 상가 5층,37.32704686122045,127.11264935137707
557,554.0,부속기관,경기도 의정부시 민락동 732-12 마에스트로빌딩 9층(전체),37.741388333722234,127.08685271947203
558,555.0,부속기관,"경기도 파주시 문산읍 문산리 31-36외 1필지 우율빌딩 2,3층",37.85473776060356,126.78297715910976
559,556.0,부속기관,"경기도 파주시 야당동 1066-2 삼융프라자 601호,602호,603호",37.71258216811192,126.75967124434595
560,557.0,부속기관,경기도 평택시 비전동 608-7 2층,36.996715330233016,127.09214573839606
561,558.0,부속기관,경북 구미시 원평동 1072-8번지 3층,36.122585198179046,128.3505711090208
562,559.0,부속기관,경남 밀양시 중앙로 397 3층,35.49611913143404,128.74949107733914
563,560.0,부속기관,"광주광역시 광산구 우산동 1577-3 2,3층",35.16337316211371,126.80528264612673
564,561.0,부속기관,"광주광역시 남구 월산동 10-9 지하,5,6층",35.14872352021092,126.9037385889832
565,562.0,부속기관,"광주광역시 북구 두암동 566-8번지 3,4층",35.178737987728574,126.92867652627628
566,563.0,부속기관,광주광역시 북구 두암동 566-8번지 3층일부,35.178737987728574,126.92867652627628
567,564.0,부속기관,"광주광역시 북구 문흥동 743-20번지 2,4층",35.17629333069946,126.91707280909345
568,565.0,부속기관,"광주광역시 서구 쌍촌동 1233-5번지 3,4층",35.14489500404592,126.86954906673665
569,566.0,부속기관,김해시 무계동 241-1 2층,35.19837999591227,128.816061614699
570,567.0,부속기관,대구광역시 달서구 이곡동 1224-7(5층),35.85330840190671,128.5058262092628
571,568.0,부속기관,"대구광역시 동구 방촌동 857-121번지(2,3층)",35.87915866176754,128.6726808644435
572,569.0,부속기관,대전시 동구 용전동25-2 3층,36.35873324324942,127.43103678411173
573,570.0,부속기관,"대전시 서구 괴정동 59-22 외 1필지(3층, 2층일부(피아노학원공간제외))",36.33902781123731,127.38410988640845
574,571.0,부속기관,"대전시 중구 태평동 382-8 3,4층",36.32479539836732,127.39547519814296
575,572.0,부속기관,부산광역시 부산진구 부전동 417-8번지,35.15915976338603,129.05449466746302
576,573.0,부속기관,"부산시 부산진구 양정동 270-6번지 4,5,6층",35.175302533287,129.0734580444021
577,574.0,부속기관,서울시 강북구 수유동 47-4 2층,37.63489391912578,127.02205149391989
578,575.0,부속기관,서울시 강서구 화곡동 793-9,37.531655548533315,126.85922995836641
579,576.0,부속기관,서울시 관악구 남부순환로 1740 3층 전체,37.48193627920355,126.94325624966824
580,577.0,부속기관,서울시 노원구 중계동 142-11 우암에이스타워4층401호,37.66019324378426,127.07521176095456
581,578.0,부속기관,서울시 동작구 남부순환로 2013(사당동) 3층전체,37.47625949518723,126.97233346494679
582,579.0,부속기관,서울시 마포구 잔다리로 7길 16 교평빌딩 4층,37.553244037931755,126.91682003768986
583,580.0,부속기관,서울시 서초구 방배천로 18길 11 방배롯데캐슬아르떼 제상가 A동 3층,37.483624757623325,126.9844467875601
584,581.0,부속기관,서울시 성동구 청계천로 10가길 102 희운빌딩 5층,37.571528769430145,127.03753182490142
585,582.0,부속기관,서울시 성북구 동소문동3가 63동도빌딩 501호,37.59029651322612,127.01103728086574
586,583.0,부속기관,서울시 성북구 동소문동4가 103-27 3층,37.591229974905986,127.01067056155058
587,584.0,부속기관,"서울시 영등포구 대림동 1122 신대림자이 2충201호,3층301호",37.48600365117445,126.90225001530679
588,585.0,부속기관,"서울시 영등포구 문래동3가 77-59번지 5층1호,6층전체",37.517386690896174,126.88911933303514
589,586.0,부속기관,서울시 중랑구 중화동 288-23 제2층,37.59982356702657,127.08068161503131
590,587.0,부속기관,서울시 중랑구 중화동 288-23 지하1층,37.59982356702657,127.08068161503131
591,588.0,부속기관,"서울특별시 강동구 둔촌동 452-1번지 3층,4층",37.53217375593172,127.14141363995734
592,589.0,부속기관,서울특별시 은평구 응암동 103-20번지 파인빌딩 지하1층 전체,37.59888440567791,126.92150264878069
593,590.0,부속기관,안산시 단원구 고잔동 729 밀레니엄프라자 301~305호,37.314510715803635,126.83700147064367
594,591.0,부속기관,인천광역시 서구 공촌동 308-8번지 2층,37.55146186822623,126.68494255921986
595,592.0,부속기관,"인천광역시 부평구 십정동 297-51 3,4층",37.47363731459877,126.69887163621321
596,593.0,부속기관,전남 광양시 광양읍 칠성리 37번지,34.97847025323776,127.58817275065948
597,594.0,부속기관,"전남 순천시 남내동 8-2번지 2,4층",34.95399387769136,127.48595344278127
598,595.0,부속기관,전남 순천시 장천동 60-2번지 4층,34.95045421892602,127.48571360144412
599,596.0,부속기관,"전남 순천시 조례동 1602-11번지 2,3층",34.95416488039845,127.52542006414849
600,597.0,부속기관,전남 여수시 공화동 1085번지 2층,34.744653157261006,127.74154745109153
601,598.0,부속기관,전남 여수시 공화동 1085번지 3층,34.744653157261006,127.74154745109153
602,599.0,부속기관,"전라남도 목포시 상동 978-3번지 2,3층",34.80082034831407,126.4220132980633
603,600.0,부속기관,전라북도 익산시 인북로 32길 60 2층,35.947413822667194,126.96299855802533
604,601.0,부속기관,"전북 군산시 나운동 794-1외 3필지 코스모프라자 제3층 301호, 302호",35.9659043341753,126.69375168086086
605,602.0,부속기관,전북 전주시 덕진구 인후동 1가 763-1번지 단층,35.839162966417526,127.15732328333013
606,603.0,부속기관,전북 전주시 완산구백제대로 94(2층),35.80242108943334,127.12617150648194
608,604.0,부속기관,전북 정읍시 수성동 919-10번지 2층,35.58241576266602,126.85508732271832
609,605.0,부속기관,충남 공주시 금성동 183-5,36.464711779510225,127.12261279244065
610,606.0,부속기관,충청남도 천안시 서북구 두정동 1000-1 한성스위트빌 110-301,36.835959998213355,127.13387958793263
611,607.0,부속기관,강원도 강릉시 교동 136-5번지 행당빌딩 4층,37.76103284415157,128.89979241972046
612,608.0,부속기관,강원도 강릉시 교동 1730-3번지 2층,37.757960992655576,128.8814912621133
613,609.0,부속기관,강원도 강릉시 선수촌로 79-21 4층,37.757794098987965,128.86774862257676
614,610.0,부속기관,강원도 강릉시 성남동 113-2 3층,37.75160756583305,128.8954714592536
615,611.0,부속기관,"강원도 강릉시 성남동 96-4,5번지 3층",37.75315394150033,128.8974533246844
616,612.0,부속기관,강원도 동해시 천곡동 980번지 태영빌딩 3층 302호,37.51513327769425,129.11901318793235
617,613.0,부속기관,강원도 동해시 천곡동 988-22번지 2층,37.515788207672415,129.12207166091216
618,614.0,부속기관,"강원도 동해시 한섬로114(천곡동,4층) 그린빌딩내 403호404호",37.52112129613018,129.11644554482058
619,615.0,부속기관,"강원도 동해시 효가동 237 3,4층",37.49625209295954,129.1101307062031
621,617.0,부속기관,강원도 속초시 교동 908-10번지 2층,38.20066078430396,128.5775197991096
622,618.0,부속기관,강원도 속초시 교동 977-20번지 3층,38.193074302676834,128.57334283416304
623,619.0,부속기관,강원도 속초시 조양동 1500-14 2층,38.18918641357062,128.5829881884884
624,620.0,부속기관,강원도 속초시 중앙동 478-37번지 2층,38.20334614685747,128.5913316036346
625,621.0,부속기관,강원도 속초시 청학동 482-69외 1필지 씨티아이빌딩 801호,38.20145204991936,128.5864501619777
626,622.0,부속기관,강원도 원주시 단계동 510-10번지 3층 ,37.356460457898635,127.92925297713907
627,623.0,부속기관,강원도 원주시 단계동 517-1번지 3층 ,37.35643867292464,127.93156428443531
628,624.0,부속기관,강원도 원주시 단계동 782-14번지 4층,37.34642771231222,127.93418972775694
629,625.0,부속기관,강원도 원주시 무실동 1720-8 2층,37.339712723864395,127.92234359092238
630,626.0,부속기관,강원도 원주시 무실동 1846-1 6층,37.33291623920352,127.9282497526016
631,627.0,부속기관,강원도 원주시 원동 278-1번지 원동프라자 5층,37.34398809804526,127.94368865785675
632,628.0,부속기관,강원도 원주시 원동 58-1번지 6층,37.34724339337956,127.95167446325598
633,629.0,부속기관,강원도 원주시 학성동 315-2번지 3층,37.35462021892286,127.94634997589667
634,630.0,부속기관,강원도 춘천시 동내면 거두리 929-3 3층,37.854146300000714,127.75104228388496
635,631.0,부속기관,강원도 춘천시 동내면 학곡리 602번지 3층 4호,37.83530912794839,127.76065695910178
636,632.0,부속기관,강원도 춘천시 삭주로 110 3층,37.88396357555393,127.74307880418452
637,633.0,부속기관,강원도 춘천시 석사동 678-1번지  5층,37.858545085604696,127.74558709032571
638,634.0,부속기관,강원도 춘천시 석사동 796-13 3층,37.856700465419365,127.74208688702204
639,635.0,부속기관,강원도 춘천시 운교동 175-9번지  2층,37.87497442462665,127.73180908490714
640,636.0,부속기관,강원도 춘천시 퇴계동 1191-1번지 제2동 3층,37.86485003460128,127.72389488331102
641,637.0,부속기관,경기도 평택시 지산동 1070번지 2층 전체,37.07982903959212,127.0610896252073
642,638.0,부속기관,경기도 고양시 덕양구 원흥동 629-1 반도유스퀘어 4층 416호,37.64967836509924,126.87536580583837
643,639.0,부속기관,경기도 고양시 덕양구 원흥동 629-1 반도유스퀘어 4층 417호,37.64967836509924,126.87536580583837
644,640.0,부속기관,경기도 고양시 덕양구 화정동 909-1 대경프라자 4층,37.638175544276784,126.83246297010949
645,641.0,부속기관,경기도 고양시 일산동구 장항동 890-3 로스텔 제3층 제302호,37.65326620185941,126.77652531988441
646,642.0,부속기관,경기도 고양시 일산동구 중앙로 1194(마두동) 금강프라자 502-2호,37.65355962663023,126.77732222653626
647,643.0,부속기관,경기도 고양시 일산서구 주엽동 19 대덕빌딩 6층,37.67164210049713,126.75978066719973
648,644.0,부속기관,"경기도 광명시 시청로 34, 2층",37.47975268924208,126.8641979637004
649,645.0,부속기관,"경기도 광명시 시청로 34, 2층",37.47975268924208,126.8641979637004
650,646.0,부속기관,경기도 광주시 경안동 74-18번지 외 1필지 3층,37.41291906542454,127.25724259141683
651,647.0,부속기관,경기도 광주시 역동로 34번길 33 덕상빌딩 2층,37.40787689149466,127.257279566957
652,648.0,부속기관,경기도 광주시 역동로 34번길 33 덕상빌딩 3층,37.40787689149466,127.257279566957
653,649.0,부속기관,경기도 광주시 초월읍 산이리 91-4 3층,37.36480633948276,127.3132909860304
655,651.0,부속기관,경기도 구리시 수택동 487-7번지 2층,37.596868646927035,127.14454806151815
656,652.0,부속기관,"경기도 구리시 수택동 534-2 502호, 503호",37.60252963245873,127.14522942168047
657,653.0,부속기관,경기도 군포시 산본동 80번지 3층 301호,37.37247786105776,126.93758552459319
658,654.0,부속기관,"경기도 군포시 산본동 80번지 5층 501호, 502호",37.37247786105776,126.93758552459319
659,655.0,부속기관,"경기도 김포시 북변동 277-17 (2층,3층)",37.62787817044266,126.7109199881619
660,656.0,부속기관,경기도 김포시 월곶면 포내리 111-3 3층 2호,37.728731855396305,126.54674506263179
662,658.0,부속기관,경기도 김포시 풍무로 145-1,37.608673304577856,126.72316683140099
663,659.0,부속기관,경기도 남양주시 가운로 1길 19 3층,37.60459448759345,127.15666692097216
664,660.0,부속기관,경기도 남양주시 금곡동 419-11 4층 401호,37.63421520497397,127.20805061911675
665,661.0,부속기관,경기도 남양주시 별내동 1006-1 별내로데오몰 5층 502호,37.64592915742876,127.12568851494763
666,662.0,부속기관,경기도 남양주시 와부읍 덕소리 112-3 덕소빌딩상가 4층,37.58565768913021,127.21292420411798
667,663.0,부속기관,경기도 남양주시 퇴계원면 퇴계원리 60-31 2층,37.65734149721917,127.14562623806
668,664.0,부속기관,경기도 남양주시 평내동 578-3 평내메인프라자 10층 1001호,37.645408926650134,127.23497244562061
669,665.0,부속기관,"경기도 남양주시 평내동 596-3 부원빌딩 2층, 3층 301호",37.64769573747361,127.24292062006467
670,666.0,부속기관,경기도 남양주시 화도읍 마석우리 220-18 4층,37.65339580149805,127.30690238082268
671,667.0,부속기관,경기도 남양주시 화도읍 마석우리 253-2번지 2층,37.65093162898309,127.31068611572131
672,668.0,부속기관,경기도 남양주시 화도읍 창현리 495-1 3층,37.65258218894187,127.30378046052165
673,669.0,부속기관,경기도 부천시 소사구 송내동 396-4 광성빌딩 4층,37.483444542746696,126.762401571647
674,670.0,부속기관,"경기도 부천시 원미구 상동 546-8 그린프라자 3층 301호,302호",37.503892076242785,126.7510860748975
675,671.0,부속기관,경기도 부천시 원미구 역곡동 220-1 현대프라자 4층,37.48808070510011,126.81565258683484
678,674.0,부속기관,경기도 수원시 권선구 효원로 90 4층 전체,37.26626188181557,127.0116391893747
679,675.0,부속기관,"경기도 수원시 영통구 영통로214번길 17, ASK빌딩, 5층 전체",37.24659822578335,127.05814475263622
680,676.0,부속기관,경기도 수원시 장안구 송죽동 444-1 2층 201호,37.30497108001343,127.00096554152815
681,677.0,부속기관,경기도 수원시 장안구 파장동 627-9 4층 1/2,37.307367838300486,126.99958940622521
682,678.0,부속기관,경기도 수원시 장안구 파장동 627-9 4층 1/2,37.307367838300486,126.99958940622521
683,679.0,부속기관,"경기도 수원시 팔달구 화서동 644-4 정자프라자 501,504호",37.285198372775994,126.99095154473086
684,680.0,부속기관,"경기도 시흥시 정왕동 1881-1 고려프라자 4층 402,403호",37.36433327709934,126.73178382963303
685,681.0,부속기관,"경기도 안산시 단원구 고잔1길 16 중앙마케이트 306, 307호",37.31801862425265,126.83518432280029
686,682.0,부속기관,경기도 안산시 단원구 고잔동 729-7 씨티프라자 306호,37.31432791453351,126.8403861883365
687,683.0,부속기관,경기도 안산시 단원구 고잔동 729-7 씨티프라자 404호,37.31432791453351,126.8403861883365
688,684.0,부속기관,"경기도 안산시 상록구 이동 720 신도프라자 401,402,403호",37.30649281471584,126.84884463317191
689,685.0,부속기관,경기도 안성시 공도읍 용두리 104-2 2층 전체,37.0068481591803,127.16962436207693
690,686.0,부속기관,경기도 안양시 동안구 관양동 1490-44번지 2층,37.40167748180598,126.974280916776
691,687.0,부속기관,경기도 안양시 동안구 관양동 1505-27번지 6층,37.4004995778717,126.97737135574606
692,688.0,부속기관,경기도 안양시 동안구 호계1동 949-17번지 6층,37.37244698535916,126.95732460984244
693,689.0,부속기관,경기도 안양시 만안구 안양동 782-7외 1필지 2층 전체,37.39963091847324,126.91940248556291
694,690.0,부속기관,경기도 양주시 덕계동 451-12,37.820961430182614,127.04934717265964
695,691.0,부속기관,경기도 양평군 양서면 양수리 537-9외 3필지,37.548737702007024,127.32157772885904
696,692.0,부속기관,"경기도 양평군 양평읍 양근리 410-11,13번지 3층",37.49018090268269,127.49105973871379
698,694.0,부속기관,경기도 여주시 창동 148번지,37.29441778993734,127.63531527328422
699,695.0,부속기관,경기도 여주시 창동 148번지 4층,37.29441778993734,127.63531527328422
700,696.0,부속기관,"경기도 오산시 성호대로 122 (원동,오산메디칼프라자 6층) 4층 402호,403호",37.14850032997936,127.07482360378825
701,697.0,부속기관,경기도 용인시 기흥구 구갈동 594-1 306~308호,37.27140151594845,127.12777818463654
702,698.0,부속기관,경기도 용인시 기흥구 구갈동353-6번지 5층,37.28039809747358,127.11301279005859
704,700.0,부속기관,경기도 의정부시 의정부동 567-1 3층(전체),37.73561000217689,127.04365895744309
705,701.0,부속기관,경기도 의정부시 의정부동 9-24 원승빌딩 3층(전체),37.74419835459791,127.05178774752062
706,702.0,부속기관,"경기도 이천시 관고동 7-24번지 1.2,3층",37.282212701725435,127.44058165799696
707,703.0,부속기관,경기도 이천시 송정동 346-32 2층 우측,37.29515879035272,127.44056241352226
708,704.0,부속기관,경기도 이천시 창전동 416외 1필지 3층 상가,37.284874571111025,127.44003785665197
709,705.0,부속기관,"경기도 파주시 금빛로 27 광장프라자 6층 605호,607호",37.75222004367399,126.7662742650632
710,706.0,부속기관,경기도 파주시 금촌동 329-99 녹십자건물 3층 전체,37.7645351748638,126.77404823433119
711,707.0,부속기관,경기도 파주시 금촌동 988-1 우평프라자 제6층 601호,37.75195095121164,126.76687878118209
712,708.0,부속기관,"경기도 평택시 평택동 46-9, 2층 일부",36.99216653585108,127.08755256039109
713,709.0,부속기관,"경기도 평택시 평택시 세교동 569-7 2,3,4층",36.99913191293461,127.07987624987315
714,710.0,부속기관,"경기도 포천시 소흘읍 솔모루로 109번길 13, 3층 306호 (송우리 222-61)",37.83101698025107,127.14748906248194
715,711.0,부속기관,경기도 포천시 소흘읍 솔모루로 124-32 2.3층,37.83289420068614,127.15062804201169
716,712.0,부속기관,경기도 하남시 대청로 5 우성빌딩 601호,37.53975714962532,127.21306517030207
717,713.0,부속기관,경기도 하남시 덕풍동 744-1 하남센터 제1동 305호,37.55143241420129,127.20793345602037
721,717.0,부속기관,"경기도 화성시 반송동 88-12 리더스프라자 5층 501, 502호",37.20598896842135,127.07270844067762
722,718.0,부속기관,경기도 화성시 반송동 88-12 리더스프라자 5층 503호,37.20598896842135,127.07270844067762
723,719.0,부속기관,경기도 화성시 봉담읍 동화리 415-2외 2필지 2층 전체,37.22383915890178,126.95305919248821
724,720.0,부속기관,"경기도 화성시 향남읍 상신하길로328번길 26, 키움프라자 401호",37.11634248804327,126.91349283967926
725,721.0,부속기관,경남 진주시 대안동 4-7번지 4층,35.19588656354477,128.08429904836646
726,722.0,부속기관,경남 진주시 장대동 107-7번지 5층,35.19121239560197,128.08691587671382
727,723.0,부속기관,"경남 진주시 장대동 55-8번지 2,3층",35.19560006163476,128.08770338574791
728,724.0,부속기관,"경남 창원시 성산구 상남동 23-7 토토스빌딩 701,702,703호",35.22085759548197,128.68199542014878
729,725.0,부속기관,"경남 창원시 성산구 상남동 34-4 쌍둥이빌딩 901호, 902호",35.22034780550893,128.68210350762521
731,727.0,부속기관,경남 거제시 고현로 14길 25. 2층 뒤쪽(고현동61-4),34.88622222033103,128.62802682642823
732,728.0,부속기관,경북 경주시 동천동 913-5번지 2층,35.84669886707643,129.22794641287513
733,729.0,부속기관,경북 구미시 원평동 1029-11번지 3층,36.12563694728903,128.34009778912127
734,730.0,부속기관,경북 구미시 원평동 1037-39번지 3층,36.124931894817315,128.34318703131987
735,731.0,부속기관,경북 구미시 원평동 1037-6 (송원서로 75) 2층,36.124506887639534,128.3431575747962
736,732.0,부속기관,경북 구미시 원평동 1043번지 3층,36.12490283899239,128.3448126804632
737,733.0,부속기관,경북 구미시 원평동 1051-1번지 2층,36.12562441299681,128.34635784492514
738,734.0,부속기관,경북 구미시 원평동 1070-7번지 2층,36.123922182838754,128.34931888468705
739,735.0,부속기관,경북 구미시 원평동 1070-7번지 3층,36.123922182838754,128.34931888468705
740,736.0,부속기관,경북 김천시 평화동 245-27번지 3층,36.12510731764756,128.1118783154495
741,737.0,부속기관,경북 안동시 대안로 181 3층,36.5640596542138,128.73259883186157
742,738.0,부속기관,경북 안동시 안흥동 283-2 3층,36.56438012972425,128.72466664685473
743,739.0,부속기관,경북 울진군 울진읍 읍내리 58-3번지 3층,36.99264990358485,129.40176579639234
744,740.0,부속기관,경북 포항시 남구 대도동 57-16번지 4층 ,36.02206008539604,129.36475438555095
745,741.0,부속기관,경북 포항시 남구 해도동 419-19번지 2층,36.02452435414482,129.3708174350839
746,742.0,부속기관,경북 포항시 북구 장성동 955번지 대방한양아파트 상가 2층,36.06974023043946,129.3744205127197
747,743.0,부속기관,경북 포항시 북구 죽도2동 95-40번지 4층,36.02892199262112,129.36256367976048
748,744.0,부속기관,경남 거제시 거제중앙로 8길 4. 5층(고현동405-9),34.87953990351119,128.62791251867446
749,745.0,부속기관,"경남 김해시 서상동 154-3번지(주차장 154-2번지) 5층 502-1호~502-4호, 503호",35.23383943221797,128.8812428835269
750,746.0,부속기관,"경남 양산시 물금읍 야리로 27-64   401, 402, 403호",35.31873404047806,129.00023431319534
751,747.0,부속기관,경남 양산시 삼일로 82  3층 302호,35.34373489686849,129.03631333151384
752,748.0,부속기관,경남 창원시 마산회원구 3.15대로 486 2층,35.21784597007642,128.57549122015337
753,749.0,부속기관,경남 창원시 마산회원구 3.15대로 605-3 4층,35.22805537908342,128.57408940364817
754,750.0,부속기관,경남 창원시 마산회원구 3.15대로 679-1 4층,35.23370894995678,128.5784385555958
755,751.0,부속기관,경남 창원시 마산회원구 양덕옛3길 37 3층,35.23547510589208,128.58149570625642
756,752.0,부속기관,경남 창원시 마산회원구 양덕옛3길 37 4층,35.23547510589208,128.58149570625642
757,753.0,부속기관,경남 창원시 마산회원구 합성남7길 14 4층,35.23815719074056,128.58507611020573
758,754.0,부속기관,경상남도 창원시 마산회원구 합성서1길 122 3층,35.241837346570705,128.5842864846494
761,757.0,부속기관,경상남도 창원시 진해구 여좌로 7 3층,35.152729638793865,128.66548831049218
762,758.0,부속기관,경상남도 창원시 진해구 충장로 435 3층,35.14997155657976,128.69796856979187
763,759.0,부속기관,경상남도 통영시 무전동 990-9 수정빌딩301호,34.85758962091029,128.42938553311487
764,760.0,부속기관,경상북도 경주시 동천동 888-8,35.84995207552837,129.22937881931793
765,761.0,부속기관,경상북도 경주시 원화로 372 3층,35.853633625606165,129.21858228172286
766,762.0,부속기관,"광주광역시 광산구 신가동 1010-1번지 2,3층",35.183605703321106,126.83621241955073
767,763.0,부속기관,광주광역시 광산구 운남동 776-4번지 3층,35.17727411203703,126.82554568842006
768,764.0,부속기관,광주광역시 광산구 월곡동 680-5번지 3층,35.17944627482997,126.80990352256475
769,765.0,부속기관,광주광역시 남구 월산4동 998-8 2-3층,35.14341041419649,126.89244653331599
770,766.0,부속기관,광주광역시 남구 주월동 1287-17번지 3층,35.13207485233374,126.9008703625739
771,767.0,부속기관,광주광역시 남구 주월동 1287-25번지 2층,35.13195237824306,126.90100656329746
772,768.0,부속기관,광주광역시 남구 주월동 1287-25번지 3층,35.13195237824306,126.90100656329746
773,769.0,부속기관,광주광역시 동구 계림동 559-15 3층,35.161951945171275,126.91858010234765
774,770.0,부속기관,"광주광역시 동구 계림동 559-15 4,5층",35.161951945171275,126.91858010234765
775,771.0,부속기관,"광주광역시 동구 계림동 811번지 7,8층",35.1629954562067,126.91556282243447
776,772.0,부속기관,"광주광역시 북구 누문동 78번지 3,4층",35.154956278851614,126.90701059215267
777,773.0,부속기관,광주광역시 북구 동림동 1150-2번지 3층,35.18773433011362,126.86587059579807
778,774.0,부속기관,광주광역시 북구 신안동 118-10번지 5층,35.16364169908052,126.90690850716915
779,775.0,부속기관,광주광역시 북구 신안동 149-3번지 2층,35.16226943633444,126.90409142642046
780,776.0,부속기관,광주광역시 북구 신안동 149-3번지 3층,35.16226943633444,126.90409142642046
781,777.0,부속기관,"광주광역시 북구 신안동 237-5번지 2,3층",35.168732862681026,126.9026919672803
782,778.0,부속기관,"광주광역시 북구 신안동 264-1번지 2,3층",35.16592707704694,126.9017513288239
783,779.0,부속기관,광주광역시 북구 오치동 971-5번지 5층,35.186967064276615,126.9046553014159
784,780.0,부속기관,광주광역시 북구 용봉동 1402-1번지 3층,35.17742074797275,126.8968851968901
785,781.0,부속기관,광주광역시 북구 운암동 65-1번지 3층,35.178250546431585,126.87807194829642
786,782.0,부속기관,"광주광역시 북구 운암동 65-1번지 4,5층",35.178250546431585,126.87807194829642
787,783.0,부속기관,"광주광역시 북구 유동 16-23번지 5,6층",35.1574035362281,126.90592783040142
788,784.0,부속기관,"광주광역시 북구 유동 50-14번지 2,3층",35.155714394896776,126.9036425538495
789,785.0,부속기관,광주광역시 북구 풍향동 599-7 3층,35.16444228244858,126.92252470614736
790,786.0,부속기관,광주광역시 서구 쌍촌동 1243-10번지 3층,35.142920889583635,126.85819691555089
791,787.0,부속기관,"광주시 남구 월산동 972-6번지 2,3층",35.1447798801602,126.89176875309437
792,788.0,부속기관,광주시 남구 주월동 368번지 4층,35.132135601122116,126.90020758114278
793,789.0,부속기관,광주시 남구 주월동 368번지 5층,35.132135601122116,126.90020758114278
794,790.0,부속기관,김해시 내동 1141-2 태성레스파빌딩 7층 701호,35.23746563087815,128.8679918528647
795,791.0,부속기관,김해시 부곡동 1159 네오시티 제401호,35.20342633354533,128.80765812185513
796,792.0,부속기관,김해시 부원동 614-19 901호,35.22720327835489,128.8849380069979
797,793.0,부속기관,대구광역시 남구 대명5동134-5번지 (3층),35.84449035440859,128.59012134629455
798,794.0,부속기관,"대구광역시 남구 대명동 1683-13,14번지 (2,3층) ",35.84111736566225,128.5802172707437
799,795.0,부속기관,"대구광역시 달서구 두류동 472-11(3,4층)",35.85691932901256,128.55762996690152
800,796.0,부속기관,대구광역시 동구 신암4동 258-4번지 영원빌딩(1층),35.88190292142085,128.62720639565703
801,797.0,부속기관,대구광역시 동구 신천동 286-1(3층),35.87585020653532,128.62645810580167
802,798.0,부속기관,대구광역시 수성구 매호동 1344-4번지 (3층),35.84156631136404,128.7035125920212
803,799.0,부속기관,대구광역시 중구 태평로 2가 1-3 (5층 전체와 6층 옥탑방일부),35.875876654917754,128.59220558719895
804,800.0,부속기관,대구광역시중구 북성로1가 82-2번지 (4층),35.87417931745252,128.59489090556363
805,801.0,부속기관,"대전 서구 용문동 594-3, 5층",36.33833287347684,127.39274559940792
806,802.0,부속기관,대전 서구 월평2동 296번지 금성빌딩 2층,36.35866036294422,127.37689303014402
807,803.0,부속기관,대전 서구 월평동 226번지 인효빌딩 2층,36.36275797724048,127.3783256091419
808,804.0,부속기관,"대전 서구 월평동 499번지 성지빌딩 3,4,5층",36.356530340577365,127.36161481305001
809,805.0,부속기관,대전 서구 월평동 499번지 성지빌딩2층,36.356530340577365,127.36161481305001
810,806.0,부속기관,대전 서구 탄방동 77-9번지 3층,36.34006292648268,127.39499542792818
811,807.0,부속기관,"대전 서구 탄방동 87-3, 2, 3, 4층",36.341937152302634,127.39287508765561
812,808.0,부속기관,"대전 중구 대종로 517(선화동 8번지) 지하1층, 1,2,3,5,6층",36.32987828037058,127.42380330275788
813,809.0,부속기관,대전 중구 대종로 517번지 4층,36.32987828037058,127.42380330275788
814,810.0,부속기관,대전 중구 대종로 523번지 5층,36.330181906859,127.42356883300523
815,811.0,부속기관,대전 중구 선화동 137-8 유광빌딩 3층,36.33175643678505,127.42071274357743
816,812.0,부속기관,"대전 중구 선화동 137-9 유광빌딩 4층,5층",36.33166649333411,127.42066325422157
817,813.0,부속기관,대전 중구 오류동 187-27 4층,36.32820961168666,127.40499915567383
818,814.0,부속기관,대전 중구 용두동 99-36번지 서현빌딩 2층,36.329769001406284,127.40754655525892
819,815.0,부속기관,대전광역시 서구 관저동 1114번지 2층,36.30097620984085,127.33245160072188
820,816.0,부속기관,"대전광역시 서구 문정로 10번길 48, 정기빌딩 3층 ",36.34408810756207,127.38320793381686
821,817.0,부속기관,대전시 서구 월평동 245번지 선사엔조이상가3층,36.36141672736762,127.3784216228164
822,818.0,부속기관,"부산광역시 기장군 기장읍 교리 254-5 3,4층",35.25466497091301,129.2197093481399
823,819.0,부속기관,"부산광역시 기장군 정관읍 모전리 741-3 8층 801호,802호",35.334492593021174,129.1670972488938
824,820.0,부속기관,"부산광역시 동구 중앙대로286번길 3-7 2층, 3층",35.12236472783565,129.04418549210155
825,821.0,부속기관,부산광역시 동래구 사직동 160-7번지 4층,35.19964812839889,129.07745386325277
826,822.0,부속기관,부산광역시 동래구 온천동 1459-5 동영 제상가동 제2층 202호,35.20291345373495,129.07474836843951
827,823.0,부속기관,부산광역시 부산 진구 부전동 467-1 영동프라자 3층,35.15848793201726,129.05500008935658
828,824.0,부속기관,부산광역시 부산진구 동천로 112 4층,35.158665385602944,129.0625848021128
829,825.0,부속기관,"부산광역시 부산진구 범천동 848-19 3,4층",35.1452707522921,129.05960476317108
830,826.0,부속기관,"부산광역시 부산진구 부전로111번길 14 2층, 3층",35.16000461680145,129.0539891994218
831,827.0,부속기관,부산광역시 부산진구 서면문화로 33 5층,35.15999222960968,129.05556904772456
832,828.0,부속기관,부산광역시 부산진구 양정동 402-9번지 3층,35.16993228279166,129.06793968861734
833,829.0,부속기관,부산광역시 부산진구 전포동 662-6 2층,35.15848602573356,129.06316843151183
835,831.0,부속기관,부산광역시 사하구 동매로 117 A동 B202호,35.101897805931394,128.97104221253127
836,832.0,부속기관,부산광역시 연제구 연산5동 702-4번지 4층,35.184572283283536,129.08088981799173
837,833.0,부속기관,"부산광역시 연제구 월드컵대로99번길 38 3층, 4층",35.18420256745348,129.08121846680194
838,834.0,부속기관,부산광역시 해운대구 중동 1754-1번지 201호,35.167508104490764,129.16698843822198
839,835.0,부속기관,부산시 남구 대연동 539-15 2층,35.13299801037396,129.10089242526377
841,837.0,부속기관,"서울 강서구 등촌동 664-2, 태현빌딩 402호",37.55817777753106,126.84518229890787
842,838.0,부속기관,"서울 송파구 송파동 84-2, 3 3층 전체",37.505769282767325,127.10879604622812
843,839.0,부속기관,서울시 강동구 성내동 439-14 3층,37.5249520454413,127.1346350013189
844,840.0,부속기관,서울시 강동구 성내동 439-14 4층,37.5249520454413,127.1346350013189
845,841.0,부속기관,서울시 강서구 등촌동 667번지 2층,37.5589723595965,126.84374102333526
846,842.0,부속기관,서울시 강서구 화곡동 111-70 3충,37.54546167568204,126.8442490188679
847,843.0,부속기관,서울시 강서구 화곡동 873-12 동연빌딩 3층,37.53071276737693,126.85159732090604
848,844.0,부속기관,서울시 관악구 봉천동 952-18 7층 전체,37.486442580302494,126.93856725525363
849,845.0,부속기관,서울시 관악구 신림동 1409-1 광진빌딩 4층,37.48649037308107,126.93364192022621
850,846.0,부속기관,서울시 관악구 신림동 570-2번지 2층,37.4816277654378,126.9059641459115
851,847.0,부속기관,서울시 관악구 신림동 570-2번지 4층 일부,37.4816277654378,126.9059641459115
852,848.0,부속기관,서울시 광진구 자양동 13-42 3층 전부,37.540460915459626,127.06562740427513
853,849.0,부속기관,서울시 광진구 화양동 10-1 한아름쇼핑센터 3층 일부,37.54350384311284,127.06989828876262
854,850.0,부속기관,서울시 금천구 시흥동 879-16외 1필지 3층,37.455145189872646,126.90145382769059
855,851.0,부속기관,서울시 노원구 상계동 708-2 이화빌딩 3층 ,37.65452281848904,127.05871519975709
856,852.0,부속기관,서울시 노원구 상계동 749-6 제5층 501호 502호,37.64955838066641,127.06227394619803
857,853.0,부속기관,서울시 노원구 상계동733-2 3층,37.65345907175604,127.05988384445908
858,854.0,부속기관,서울시 도봉구 창4동 9-1 대성빌딩 7층 701호,37.652501319018704,127.05025083510094
859,855.0,부속기관,서울시 도봉구 창4동 9-1 대성빌딩 7층 702호,37.652501319018704,127.05025083510094
860,856.0,부속기관,서울시 도봉구 창4동 9-1 대성빌딩 제5층1호,37.652501319018704,127.05025083510094
861,857.0,부속기관,서울시 도봉구 창4동 9-1 대성빌딩 제5층2호 2분의1,37.652501319018704,127.05025083510094
862,858.0,부속기관,서울시 도봉구 창5동 333-1 202호,37.65173187773209,127.04583086362933
863,859.0,부속기관,서울시 동대문구 이문동 324-49 3층,37.59461797458231,127.0587632154868
864,860.0,부속기관,서울시 동대문구 이문동 77-13 계림빌딩 2층 ,37.59485295826017,127.06428464101693
865,861.0,부속기관,서울시 동대문구 이문동 77-13 계림빌딩 4층 402호,37.59485295826017,127.06428464101693
866,862.0,부속기관,서울시 동대문구 제기동 1138번지 정우빌딩 4층,37.5784629402834,127.03716398235473
867,863.0,부속기관,서울시 동작구 노량진동 267-6번지 4층,37.51285076976048,126.93465466738901
868,864.0,부속기관,서울시 동작구 사당동 1010-28 자매빌딩 3층 전체,37.48192665954558,126.98042664149028
869,865.0,부속기관,"서울시 동작구 상도동 478-23 2층,3층",37.49767229013924,126.9533542422489
870,866.0,부속기관,"서울시 마포구 서교동 449-39번지 2,3층 전체",37.55722351488696,126.91777987404366
871,867.0,부속기관,"서울시 서대문구 북가좌동 371-11번지 2,3층 전관",37.57557634569055,126.90516238305801
872,868.0,부속기관,서울시 서대문구 북가좌동 385-8외 2필지 가호 3층 일부,37.575455183966284,126.90688775946195
873,869.0,부속기관,서울시 서대문구 창천동 57-20번지 외 4필지 6층,37.5574218621343,126.93537178342976
874,870.0,부속기관,서울시 서대문구 창천동 57-20외 4필지 7층 일부,37.5574218621343,126.93537178342976
875,871.0,부속기관,서울시 서초구 나루터로 59 2층 전체,37.515347260222555,127.01646469562334
877,873.0,부속기관,서울시 서초구 양재동 13-10호 5층전체,37.48316606802634,127.03639311822656
878,874.0,부속기관,서울시 서초구 양재동 6-34번지 2층,37.482141048973155,127.04089703874683
879,875.0,부속기관,서울시 성동구 도선동 40외 1필지 3층 전부,37.56223129519697,127.0349148825363
880,876.0,부속기관,"서울시 성동구 행당동 286-13, 3층",37.56170899586652,127.03395937575881
881,877.0,부속기관,서울시 성동구 행당동 286-31외 286-91번지 2층 전체,37.56169837728442,127.03328027408662
882,878.0,부속기관,서울시 성북구 동소문동6가 231,37.595017178261664,127.01573489361222
883,879.0,부속기관,서울시 송파구 송파대로42길 22 성현빌딩 3층,37.50565265855872,127.11019376942221
884,880.0,부속기관,서울시 송파구 잠실동 185-3번지 3층,37.510203884043015,127.0847789863625
885,881.0,부속기관,서울시 송파구 잠실동 199(우화빌딩) 3층 전체,37.50933815013486,127.08073341973183
886,882.0,부속기관,서울시 양천구 목4동 807-1번지 5층,37.530749628933904,126.8642639478202
887,883.0,부속기관,서울시 양천구 신정동 881-19외 1필지 성은빌딩,37.52814113993519,126.85880666130788
888,884.0,부속기관,서울시 양천구 신정동 948-1 제3층 301호,37.52464036276916,126.85477237299271
889,885.0,부속기관,"서울시 영등포구 문래동2가 24번지, 조양빌딩 3층",37.51239968528352,126.89408085342109
890,886.0,부속기관,서울시 영등포구 신길 6동 508번지 시원빌딩 8층,37.500154814692976,126.91884220364068
891,887.0,부속기관,"서울시 용산구 동자동 35-14번지 3층, 4층",37.55107927826647,126.97414366030817
892,888.0,부속기관,"서울시 용산구 원효로1가 43-9  4층,5층",37.53930755516566,126.96964892318147
893,889.0,부속기관,"서울시 은평구 녹번동 117-112 (4,5층)",37.60809168168436,126.93174010976371
894,890.0,부속기관,서울시 은평구 녹번동 197외1필지 5층 일부,37.601836993525794,126.9286655996911
895,891.0,부속기관,"서울시 종로구 관철동 155 종로1번가 4층 403, 404호",37.568899283434696,126.98509012469124
896,892.0,부속기관,서울시 종로구 교남동 10번지 3층,37.56742115221874,126.96549018448367
897,893.0,부속기관,서울시 종로구 교남동 10번지 4층,37.56742115221874,126.96549018448367
898,894.0,부속기관,서울시 중구 남산동2가 41-2 신화빌딩 4층,37.55874330683728,126.98552675343323
899,895.0,부속기관,서울시 중구 신당동 357-10 해원빌딩 2층 전체,37.555586726523195,127.00937982544804
900,896.0,부속기관,서울시 중구 장충동 114-3번지 오양빌딩 2층,37.56240214364785,127.00479899644519
901,897.0,부속기관,"서울시 중구 장충동 114-3번지 오양빌딩 3,4층",37.56240214364785,127.00479899644519
902,898.0,부속기관,서울시 중랑구 상봉동 101-15 주연빌딩6층,37.59590951150255,127.08599941409848
903,899.0,부속기관,서울특별시 강동구 길동 384-1번지 길동 골드빌아파트 2층,37.5385335345562,127.13637473603187
904,900.0,부속기관,서울특별시 강동구 길동 410-1번지 콤비월즈빌딩 2층 전체,37.536622082325614,127.14058476801502
905,901.0,부속기관,서울특별시 강동구 둔촌동 486-7번지 준영빌딩 6층 전체,37.53178838654998,127.13815002648714
906,902.0,부속기관,서울특별시 강동구 성내2동 77-37번지 양성빌딩 4층,37.537823309310795,127.12348830298252
907,903.0,부속기관,서울특별시 광진구 군자동 466-17번지 군자빌딩 3층,37.558424667016794,127.07528138097378
908,904.0,부속기관,서울특별시 광진구 군자동 466-17번지 군자빌딩 5층 502호,37.558424667016794,127.07528138097378
909,905.0,부속기관,"서울특별시 광진구 자양동 766-2, 5층 전부",37.540687694855954,127.08321579778263
910,906.0,부속기관,"서울특별시 광진구 중곡동 47-14번지 201호,401호",37.5596749545808,127.08116798461799
911,907.0,부속기관,서울특별시 구로구 오류동,37.48894613071241,126.83549247818651
913,908.0,부속기관,서울특별시 영등포구 당산동3가 466번지 4층,37.52509325281234,126.89434799094678
914,909.0,부속기관,서울특별시 은평구 수색동 154-2번지 흥남빌딩 지층 및 3층,37.58147295843335,126.89716208728268
915,910.0,부속기관,서울특별시 중랑구 망우동 487-16 6층,37.599802525707624,127.09886801257531
916,911.0,부속기관,성남시 분당구 황새울로258번길 10-3 2층 전체,37.38029757521635,127.11641432136986
918,913.0,부속기관,세종특별자치시 고운동 마음로 78 스마트큐브2블럭 406호,36.505559425027386,127.23372723160662
919,914.0,부속기관,"안산시 단원구 고잔동 703-3 트윈타운B동 305,306호",37.314769467055676,126.82881531548676
920,915.0,부속기관,안산시 단원구 원곡동 800-13 4층,37.32841646576911,126.79170783591306
921,916.0,부속기관,안산시 상록구 이동 716-4 고잔프라자 406호,37.30750938085065,126.85185211817829
922,917.0,부속기관,안산시 상록구 이동 716-4 고잔프라자403호,37.30750938085065,126.85185211817829
923,918.0,부속기관,안양시 만안구 안양동 1195-55 3층,37.39919393991251,126.91811546100595
924,919.0,부속기관,"울산광역시 남구 무거동 582-10번지, 2층",35.539851673663165,129.25681526541243
925,920.0,부속기관,울산광역시 남구 무거동 623-3 3층,35.53970443614814,129.25755638952293
926,921.0,부속기관,울산광역시 남구 신정동 1217-23번지 3층,35.53373467280517,129.30842360824977
927,922.0,부속기관,울산광역시 남구 신정동 1217-23번지 4층,35.53373467280517,129.30842360824977
928,923.0,부속기관,울산광역시 남구 신정동 1217-2번지 2층,35.5336933020964,129.30832541598673
929,924.0,부속기관,울산광역시 남구 신정동 1217-2번지 4층,35.5336933020964,129.30832541598673
930,925.0,부속기관,울산광역시 남구 신정동 177-6 4층,35.54191975157345,129.31256977953026
931,926.0,부속기관,"울산광역시 남구 월평로 22(신정동), 2층",35.54082249233328,129.30832692930076
932,927.0,부속기관,"울산광역시 동구 방어동 376-10 센트럴오션파크상가 207,307호",35.4854568950715,129.42390682219647
933,928.0,부속기관,"울산광역시 중구 성남동 243-3번지 외 2필지 제1호, 제2호 3층",35.554794639829275,129.320605202393
934,929.0,부속기관,"울산광역시 중구 성남동 249-8번지 3층,4층",35.55383741548871,129.320714325597
935,930.0,부속기관,울산광역시 중구 성남동 254-17번지(3층),35.553475809274076,129.32152424371947
936,931.0,부속기관,울산광역시 중구 옥교동 95-14번지 훼미리타운 제3층 제301호,35.554084847087324,129.3224636048625
937,932.0,부속기관,인천광역시 계양구 계산동 18-17번지 3층 (전층),37.542735518890076,126.73432337690458
938,933.0,부속기관,인천광역시 계양구 계산동 932-20 3층 (경명대로 1025),37.5439331909484,126.72076308371585
939,934.0,부속기관,"인천광역시 남구 석바위로 75, 3층(주안동157-18)",37.46117967412874,126.68156912814516
940,935.0,부속기관,인천광역시 남구 주안동 1532-5번지 5층 전층,37.45056295114354,126.68862104937241
941,936.0,부속기관,인천광역시 남동구 간석동 237-1 제4층 제401호,37.46742590153755,126.70391553436073
942,937.0,부속기관,인천광역시 남동구 간석동 616-58 2층 전체,37.46702233964825,126.68716467089082
943,938.0,부속기관,인천광역시 남동구 간석동 616-76번지 5층,37.46636412494085,126.68766478298153
944,939.0,부속기관,"인천광역시 남동구 구월동 1119-2번지 우진빌딩 5 ,6층",37.45077028244389,126.69348435703074
945,940.0,부속기관,인천광역시 남동구 구월동 1249-4 2층,37.46050500357858,126.72122281193727
946,941.0,부속기관,인천광역시 남동구 논현동 645-2 다올프라자 제2층 201호,37.4030665248857,126.70898486306571
947,942.0,부속기관,인천광역시 남동구 만수동 1031 4층 전부,37.443620266326654,126.74029732647509
948,943.0,부속기관,"인천광역시 남동구 만수동 860-2 제4층, 제5층 전체",37.46047026410685,126.72485345539094
949,944.0,부속기관,인천광역시 남동구 만수동 947-6번지 만수빌딩 3층,37.4549378919762,126.72946239249033
950,945.0,부속기관,인천광역시 남동구 만수동910-1 3층,37.455396607815146,126.72366496746572
951,946.0,부속기관,인천광역시 미추홀구 인주대로 464 3층 전부 ,37.45044658627269,126.68822824111604
952,947.0,부속기관,인천광역시 부평구 부평동 152-1외 12필지 다운타운일레븐빌딩 제508호,37.49381161426941,126.72661736269178
953,948.0,부속기관,인천광역시 부평구 부평동 464-28번지 3층,37.5011302955025,126.72152872892465
954,949.0,부속기관,인천광역시 부평구 산곡동 366-11 3층,37.494712377021685,126.70264537108375
955,950.0,부속기관,인천광역시 부평구 삼산동 460-7 창성프라자 5층 501호,37.50755929682552,126.73539813797017
956,951.0,부속기관,인천광역시 부평구 십정동 414-9번지 3층,37.46835861126904,126.70218910268287
957,952.0,부속기관,인천광역시 서구 마전동 904-6 4층 전체,37.60306408210176,126.65551692225797
958,953.0,부속기관,인천광역시 서구 연희동 687-4번지 서광빌딩 5층,37.54842655883399,126.67666280280183
959,954.0,부속기관,인천광역시 연수구 청학동 497-6 석광프라자 4층,37.41718251894598,126.67533007822443
960,955.0,부속기관,인천광역시 연수구 학나래로 6번길 58번지 4층 전부(선학동 영재빌딩),37.42555040425403,126.69817407090392
961,956.0,부속기관,인천광역시 중구 운남동 1523번지 원빌딩 3층전체,37.49251824494214,126.53343107276798
962,957.0,부속기관,인천광역시 중구 운서동 2804-3 503호,37.49401166463344,126.49266792278195
963,958.0,부속기관,인천광역시 계양구 계산동 964-82 대양빌딩 3층,37.538453817384145,126.72792085155695
964,959.0,부속기관,인천광역시 연수구 연수동 568-10 6층,37.418741369747806,126.67866264862775
965,960.0,부속기관,전남 광양시 광양읍 구산리 811-7번지,34.97756306515356,127.57660624316729
966,961.0,부속기관,"전남 광양시 광양읍 덕례리 1739-4,5번지 3층",34.96336502853821,127.5780440344822
967,962.0,부속기관,전남 광양시 중동 1317-1번지 5층,34.942260092905265,127.69662057036008
968,963.0,부속기관,전남 광양시 중동 1420-1 2층,34.94479580069944,127.68884796819147
969,964.0,부속기관,"전남 광양시 중동 1420-3 2,3층",34.94460111420747,127.6888463399108
971,966.0,부속기관,전남 목포시 상동 930외 1필지 4층,34.80169639780333,126.41670063088677
972,967.0,부속기관,전남 목포시 옥암동 967-14번지 3층,34.80830805732336,126.42635436299183
973,968.0,부속기관,"전남 목포시 용당동 1088-10번지 5,6층",34.806074437668855,126.40128697601327
974,969.0,부속기관,전남 목포시 용당동 1095-11번지 5층,34.80618325085958,126.40215171887294
975,970.0,부속기관,"전남 순천시 매곡동 38-10 2,3층",34.96226926488288,127.48486796156953
976,971.0,부속기관,전남 순천시 연향동 1320-2번지 4층,34.95190231543776,127.51746630909868
977,972.0,부속기관,전남 순천시 연향동 1685-1번지 5층,34.93466729844878,127.51677136697724
978,973.0,부속기관,전남 순천시 왕지동 863-3 5층,34.969666945650005,127.52244861345011
979,974.0,부속기관,"전남 순천시 장선배기1길 6-49 3층, 4층",34.95354676353209,127.52411549978729
980,975.0,부속기관,"전남 순천시 장천동 115-19번지 3층, 4층",34.95151682037588,127.48776928456729
981,976.0,부속기관,"전남 순천시 장천동 56-13 2,3층",34.95122152773757,127.484978063373
982,977.0,부속기관,"전남 순천시 저전동 206-1번지 2,3층",34.95034865648055,127.48415842284643
983,978.0,부속기관,"전남 순천시 조례동 1602-14번지 4,5층",34.954015554888244,127.52493301820422
984,979.0,부속기관,"전남 여수시 문수동 119-1번지 2,3층",34.75401937921178,127.70406581546492
985,980.0,부속기관,전남 여수시 여서동 213-4번지 (6층),34.752762076909086,127.70388477210372
986,981.0,부속기관,전남 여수시 여서동 455-3번지 2층,34.75036656210541,127.70100315331132
987,982.0,부속기관,전남 여수시 오림동 406-5번지 2층,34.75763714314135,127.7168096383157
988,983.0,부속기관,"전남 여수시 학동 32-14번지 1,2층",34.763943309275724,127.66601212407377
989,984.0,부속기관,전남 여수시 학동 74-1번지 2층,34.762014760398245,127.66461165776634
990,985.0,부속기관,전남 여수시 학동 84-7번지 4층,34.7599261371113,127.6667706328569
991,986.0,부속기관,전남 여수시 학동 99-5번지 3층,34.75941468873373,127.66403160473745
992,987.0,부속기관,전남 여수시 학동 99-5번지 4층,34.75941468873373,127.66403160473745
993,988.0,부속기관,전라남도 목포시 상동 923-4 2층,34.802094455849925,126.41474829373033
994,989.0,부속기관,"전라남도 목포시 영산로 258번길1 (용당동960-237,960-211) 5층",34.803315913900725,126.39467579780164
995,990.0,부속기관,"전라남도 목포시 영산로 258번길1 (용당동960-237,960-211) 6층",34.803315913900725,126.39467579780164
996,991.0,부속기관,전북 고창군 고창읍 읍내리 211-1 헹턴키즈 2층,35.435310554086485,126.6998971844117
997,,,(중앙로223),37.606153642266555,126.8656128876533
998,992.0,부속기관,전북 고창군 고창읍 천변북로 81-1. 2층,35.434516378679646,126.7009397401094
999,993.0,부속기관,전북 군산시 나운동 827-11번지 (5층),35.967635929555,126.69994448804636
1000,994.0,부속기관,"전북 군산시 명산동 2-14번지 (2층,3층)",35.98557905783097,126.71077914875855
1001,995.0,부속기관,전북 군산시 명산동 8-1외 2필지 (3층),35.984741062264376,126.71009470385052
1002,996.0,부속기관,"전북 군산시 서흥남동 801-29,30번지 (2층)",35.973918099399135,126.71119422425177
1003,997.0,부속기관,"전북 군산시 서흥남동 801-29,30번지 (3층)",35.973918099399135,126.71119422425177
1004,998.0,부속기관,전북 군산시 수송동 429-4번지 (4층),35.97150187400983,126.71533622469875
1005,999.0,부속기관,"전북 군산시 영화동 9-7,8번지 (1층)",35.98851743177077,126.71242738199058
1006,1000.0,부속기관,"전북 군산시 영화동 9-7,8번지 (3층)",35.98851743177077,126.71242738199058
1007,1001.0,부속기관,전북 군산시 중앙로1가 16-6번지,35.98626226350496,126.71306098375793
1009,1002.0,부속기관,전북 김제시 요촌동 160-6번지 3층,35.79946072083377,126.88774599160958
1010,1003.0,부속기관,전북 김제시 요촌동 212-9번지 2층 (서낭당길),35.80103669970867,126.88835888898313
1011,1004.0,부속기관,전북 남원시 죽항동 259번지 3층 (용성로 132-1),35.4107275499671,127.39045292136164
1012,1005.0,부속기관,전북 남원시 하정동67-2번지 3층,35.4076419537273,127.38240578855037
1013,1006.0,부속기관,전북 부안군 부안읍 번영로 111 (2층),35.726646191655675,126.73277161922826
1014,1007.0,부속기관,전북 익산시 고봉로30길 66(영등동773-1),35.95527261476774,126.97739611350613
1016,1008.0,부속기관,전북 익산시 부송동 1032-6 3층,35.95942002281161,126.98989467422449
1017,1009.0,부속기관,전북 익산시 영등동 835-2 3층,35.95955858000672,126.97569219296571
1018,1010.0,부속기관,전북 익산시 중앙동 2가 13-6번지 2층,35.93823668917702,126.94678720952999
1019,1011.0,부속기관,전북 익산시 중앙동 2가 13-6번지 3층,35.93823668917702,126.94678720952999
1020,1012.0,부속기관,전북 전주시 덕진구 금암동 470-3외1필지 5층,35.83768602948754,127.1324698389099
1021,1013.0,부속기관,전북 전주시 덕진구 덕진동 1가 1275-15번지 3층4층,35.84247841462858,127.12450815586045
1023,1015.0,부속기관,전북 전주시 덕진구 송천동 1가 633-1번지외2필지 4층,35.85995240594202,127.1168829315483
1024,1016.0,부속기관,전북 전주시 덕진구 인후동 1가 783-1 대영빌딩 5층,35.83631499212572,127.15454620842705
1025,1017.0,부속기관,전북 전주시 완산구 서신동 831-4번지 3층,35.82837724766489,127.11557054898906
1026,1018.0,부속기관,"전북 전주시 완산구 서신동 831-4번지 4층,5층",35.82837724766489,127.11557054898906
1027,1019.0,부속기관,전북 전주시 완산구 전동 3가 23-2번지 (2층),35.81337641184515,127.14567194350461
1028,1020.0,부속기관,전북 전주시 완산구 효자동 1가 548번지 3층,35.80570590629362,127.12208307460513
1029,1021.0,부속기관,"전북 정읍시 수성동 723-9 5층, 6층",35.56608674022878,126.85415042847653
1030,1022.0,부속기관,전북 정읍시 연지3길 110(연지동 252-124)  ,35.569587114822774,126.84526168499289
1031,1023.0,부속기관,전북 정읍시 연지동 260-1번지 3층,35.57158492186218,126.84567704312829
1032,1024.0,부속기관,전북 정읍시 중앙3길 17(수성동 704),35.567889758548375,126.85450015517908
1033,1025.0,부속기관,제주특별자치도 제주시 연동 293-86번지 2층,33.485933072530266,126.4949839985835
1034,1026.0,부속기관,제주특별자치도 제주시 이도1동 1687-1번지 4층,33.50325737545726,126.52678598382393
1035,1027.0,부속기관,제주특별자치도 제주시 일도2동 339-18(신산로 97) 3층,33.50536207006992,126.5359439010431
1036,1028.0,부속기관,"창원시 성산구 중앙동 93-1번지 평화상가 302, 303호",35.22479124134676,128.67986686023823
1037,1029.0,부속기관,"창원시 성산구 중앙동 93-1번지 평화상가 308, 309호",35.22479124134676,128.67986686023823
1038,1030.0,부속기관,"창원시 의창구 명서동 205-5 201/202/301,302호",35.24044369978503,128.64893514946894
1039,1031.0,부속기관,"창원시 의창구 명서동 205-5 401,402호",35.24044369978503,128.64893514946894
1040,1032.0,부속기관,충남 계룡시 엄사면 엄사리 172-2번지 3층,36.29047170957319,127.24263078736526
1041,1033.0,부속기관,충남 공주시 금성동 177-1번지 3층,36.46601723311129,127.1220570009912
1042,1034.0,부속기관,충남 공주시 번영1로 97-8번지 2층,36.47463918518735,127.13887919656247
1043,1035.0,부속기관,충남 공주시 신관동 595-7 3층 우측,36.4706466526293,127.13125812511812
1044,1036.0,부속기관,충남 공주시 신관동 607-7번지 2층,36.46851129889997,127.1325264570841
1045,1037.0,부속기관,충남 논산시 반월동 69-8번지 2층,36.20490397577243,127.08588024611826
1046,1038.0,부속기관,충남 당진시 채운동 1057 2층,36.88638809062244,126.63063401442186
1047,1039.0,부속기관,충남 보령시 대천동 331-23 4층,36.35133347110989,126.59384726899158
1048,1040.0,부속기관,충남 보령시 대천동 345-13 제에이동호 4층,36.350925869888854,126.59165249517298
1049,1041.0,부속기관,충남 서산시 동문동 224-3 3층,36.77943777877788,126.46228281013593
1050,1042.0,부속기관,충남 서산시 동문동 429-3 2층,36.78468469171222,126.4580652564637
1051,1043.0,부속기관,충남 서천군 서천읍 군사리 488번지 2층,36.078480907935464,126.69054471658703
1052,1044.0,부속기관,충남 천안시 서북구 백석동 29-1번지 5층,36.82919516979241,127.1266758170195
1053,1045.0,부속기관,충북 음성군 금왕읍 무극리 108-2번지 2층,36.99326520978959,127.59744795858107
1054,1046.0,부속기관,충북 음성군 금왕읍 음성로 1136 2층,36.99090194044183,127.6015047955975
1055,1047.0,부속기관,충북 음성군 맹동면 대하로 293 누리타워 4층,36.913211618617744,127.5454146705569
1056,1048.0,부속기관,충북 제천시 신백동 197-2번지 201호,37.1303106565384,128.2281552278989
1057,1049.0,부속기관,"충북 제천시 의림대로 123, 6층 601호 ",37.138745124459575,128.2105368467172
1058,1050.0,부속기관,"충북 제천시 중앙동 중앙로 2가 68-4번지오화빌딩 4층 402호,403호",37.14354093186009,128.21311638840461
1059,1051.0,부속기관,충북 제천시 중앙동 중앙로 2가 84-4번지 2층,37.1394610055961,128.2127811242675
1060,1052.0,부속기관,"충북 청주시 상당구 북문로 2가 122-7번지 2, 3, 4층",36.64033409673347,127.48842061489479
1061,1053.0,부속기관,"충북 청주시 상당구 상당로 140번지 2,3층",36.64074861220012,127.4901765656192
1062,1054.0,부속기관,충북 청주시 청원구 우암동118-12 1층~5층,36.64916826429559,127.48941578514996
1063,1055.0,부속기관,"충북 청주시 흥덕구 복대동 834-4 2,3층",36.634621560366014,127.45077133632483
1064,1056.0,부속기관,충북 충주시 금릉동 703번지 3층,36.991270594101586,127.92896961602275
1065,1057.0,부속기관,충북 충주시 성서동178번지 2층,36.971352165430126,127.93238840634632
1066,1058.0,부속기관,충북 충주시 연수동 877번지 4층,36.98860030911456,127.92891467545435
1067,1059.0,부속기관,충북 충주시 충의동 274번지 5층,36.973199863774,127.92979208107587
1068,1060.0,부속기관,충북 충주시 칠금12길 1 대현빌딩 3층,36.986700242866206,127.9239179890595
1069,1061.0,부속기관,충북 충주시 칠금동 593번지 4층,36.98652200729423,127.92366423451814
1070,1062.0,부속기관,충청남도 아산시 배방읍 북수로 86 2층,36.77345221933561,127.07025926414119
1071,1063.0,부속기관,충청남도 아산시 번영로 102 2층,36.78639854985276,127.00226305075161
1072,1064.0,부속기관,충청남도 아산시 번영로 189 현대빌딩 4층 401호,36.78512560921504,127.01182592503082
1073,1065.0,부속기관,"충청남도 아산시 온천동 307-3번지 2,3층",36.78251969766247,127.01062011875285
1074,1066.0,부속기관,충청남도 천안시 서북구 성정동 196-16번지(4층),36.812305994414544,127.14158017401651
1075,1067.0,부속기관,충청남도 천안시 서북구 성정동 660-3(5층),36.821891617818956,127.14340013767516
1076,1068.0,부속기관,충청남도 천안시 서북구 쌍용동 494-42(5층),36.794511594336164,127.12481701950936
1077,1069.0,부속기관,서울시 마포구 신수동 288-1번지 2층,37.54543148880846,126.93557224179608
1078,1070.0,부속기관,경남 창원시 마산회원구 3.15대로 486 2층,35.21784597007642,128.57549122015337
1079,1071.0,부속기관,전북 전주시 완산구 효자동1가 591-5번지(2층),35.812738555810036,127.11559656899595
1080,1072.0,부속기관,"경기도 부천시 원미구 중동 1146 하이베라스 204호,205호",37.501993515545756,126.77105996674223
1081,1073.0,부속기관,"경기도 화성시 진안동 524-1 메트로프라자 101, 102호",37.21105096372812,127.03833040037313
1082,1074.0,부속기관,경남 창원시 마산합포구 합포로 220 지하1층,35.21680122957008,128.5875775371465
1083,1075.0,부속기관,경상남도 창원시 진해구 여좌남로55번길 20,35.156550487531696,128.6623662709396
1084,1076.0,부속기관,"부산광역시 부산진구 중앙대로 635번길 17, 2층",35.149191293170695,129.05819824467477
1085,1077.0,부속기관,서울시 강서구 화곡3동 1032번지 1층 ,37.54409361809751,126.83731313418565
1086,1078.0,부속기관,전북 군산시 장미동 6-8번지 (지하층),35.98768274829243,126.71615193724061
1087,1079.0,부속기관,전북 군산시 장미동 6-8번지(1층~2층),35.98768274829243,126.71615193724061
1088,1080.0,부속기관,"강원도 강릉시 죽헌동 320-8 1층, 지하1층",37.78435226371781,128.8713000743609
1089,1081.0,부속기관,강원도 원주시 태장2동 1388-6,37.38205374917712,127.94813986584708
1090,1082.0,부속기관,강원도 원주시 태장동 981-8번지,37.37549103715457,127.95171515051966
1091,1083.0,부속기관,강원도 춘천시 석사동 291-10번지 3~4층,37.85599388315011,127.74895662315912
1092,1084.0,부속기관,경상남도 창원시 진해구 여좌남로55번길 19 B동 202호,35.156566598551734,128.66198032454986
1093,1085.0,부속기관,울산광역시 남구 무거동 577-1 3층(전체),35.53939627628396,129.2545711677385
1094,1086.0,부속기관,인천광역시 남동구 만수동 967-8번지 3층,37.450203951227564,126.73182109803338
1095,1087.0,부속기관,전남 여수시 화장동 871-3번지 2층,34.773873556124045,127.63970363736473
1096,1088.0,부속기관,전북 전주시 덕진구 팔복동2가 774-51번지,35.863391107879316,127.0827511896268
1097,1089.0,부속기관,충북 충주시 사직로 191 황금타운 3층,36.96956863823934,127.9323172405049
1098,1090.0,부속기관,충북 충주시 사직로 191 황금타운 6층,36.96956863823934,127.9323172405049
1099,1091.0,부속기관,충북 충주시 성서동 451번지 한양프라자 5층,36.97024320427022,127.9308656082528
1100,1092.0,부속기관,경남 양산시 물금읍 서들8길1 (DS프라자3)  304호,35.30983090807286,129.00457081649867
1101,1093.0,부속기관,경상남도 창원시 진해구 여좌남로55번길 15 1층 가호,35.156249152583676,128.66199581397424
1102,1094.0,부속기관,대전 서구 탄방동 78-2 ,36.339693164006555,127.39453464117716
1104,1096.0,부속기관,충북 청주시 상당구 사직대로 361길 26 2층,36.63808832950389,127.48757900039529
1105,1097.0,부속기관,"광주 북구 오치동 995-2,3번지",35.182326284938874,126.90855158172438
1106,1098.0,부속기관,전남 순천시 장천동 240-2번지 3층,34.95267352032599,127.48523622717562
1107,1099.0,부속기관,전남 순천시 장천동 240-2번지 4층,34.95267352032599,127.48523622717562
1108,1100.0,부속기관,전남 여수시 학동74-1번지 3층,34.762014760398245,127.66461165776634
